Channel Index,Mean Activation,Variance
629,5.5753183,3.613379
518,3.6934032,7.8729773
137,3.4143653,5.0491357
241,3.1952899,3.6288228
936,2.5618474,3.6640706
6,2.520625,1.0912569
816,2.4339519,4.1822653
196,2.4131265,4.239958
406,2.3009772,3.1569836
821,2.2709103,1.2201028
626,2.2546825,2.6219425
1003,2.208633,7.247917
752,2.2069926,2.7388086
225,2.1420531,3.3659425
469,2.1408587,6.3150253
46,2.018444,3.2251854
284,1.9430221,3.8051004
785,1.9349279,2.993122
461,1.831486,0.94164073
86,1.8067495,3.6254478
557,1.7382852,1.6512718
297,1.7341242,1.6756455
397,1.6788633,1.8137558
665,1.670551,2.2074919
792,1.6704669,1.642952
110,1.6600868,2.5151305
221,1.6544062,1.388486
982,1.6505706,1.8646182
672,1.6091486,2.1299405
697,1.5550108,1.433196
798,1.5492432,2.4953244
621,1.518441,2.7696939
152,1.5165527,1.7063533
143,1.5086043,3.3180075
1011,1.4862704,4.189332
162,1.484782,1.2667186
449,1.477031,1.1426584
952,1.4708632,1.0080261
85,1.4584086,3.6300116
512,1.4455345,2.275754
506,1.437278,2.6310487
287,1.4327905,2.8990293
865,1.4258317,2.7919464
65,1.402298,2.5034633
468,1.4019344,3.1015267
639,1.3906064,1.1048117
48,1.3781047,1.3900287
436,1.373702,2.1312943
706,1.3557844,2.076391
708,1.3429902,2.0603757
140,1.3400341,1.6745503
209,1.3358164,1.188102
367,1.3203177,2.6013212
991,1.314239,3.585507
213,1.3032223,2.442223
272,1.3017294,1.2378289
546,1.3003123,1.7412084
80,1.2984469,2.9573202
520,1.2971268,2.2167692
940,1.2909362,2.3891222
866,1.2900066,0.561687
978,1.2893666,1.6493142
593,1.2864826,2.0920517
378,1.2848161,1.9079173
231,1.2796242,1.9074625
543,1.2628386,1.8863513
1004,1.2625723,3.6128197
943,1.2588587,0.8460746
686,1.2572328,0.7158235
236,1.2541932,3.1033225
882,1.2476467,4.9802003
326,1.2395642,1.4492419
872,1.2354956,2.5902507
1,1.2282164,2.1862307
583,1.2255473,1.6824634
33,1.2211125,0.77276784
18,1.2192273,0.8428799
227,1.2069395,1.6908258
834,1.1980526,2.515633
890,1.1937132,1.6667585
401,1.1882616,2.2026987
990,1.1851392,3.4819772
478,1.1674798,1.7669494
582,1.1651986,1.1517862
903,1.1597277,2.0553842
269,1.1546688,2.289826
61,1.1520367,1.6321383
387,1.1448236,1.0544202
5,1.1408682,1.4359901
539,1.1356823,2.1778603
167,1.1296129,1.6236084
467,1.1163912,0.47221512
204,1.1162584,1.7726684
1013,1.1160024,1.8400763
852,1.1049749,1.350255
870,1.1001098,1.3392937
743,1.0989128,4.6940703
294,1.096549,2.006294
1009,1.0875466,1.3468585
23,1.0689406,2.8533459
762,1.0681779,1.3082474
283,1.0677133,1.8453405
220,1.0663183,1.6887031
968,1.0596507,1.3460264
555,1.0541499,0.65776414
102,1.0519843,1.6948094
779,1.0508801,0.60814166
465,1.0229675,0.9674905
56,1.0214229,1.542759
719,1.018657,2.306775
407,1.0067787,1.9499553
193,0.9979514,1.1777685
481,0.996506,1.7106032
527,0.990584,2.665709
455,0.98343277,2.0813932
1020,0.98008573,1.1540698
739,0.97995645,0.8536863
971,0.97878003,1.8232214
275,0.9603355,1.7113593
500,0.9581825,0.69620097
776,0.95785964,0.7450417
1016,0.9518424,1.5033779
77,0.95017934,0.8492713
901,0.95015204,1.0900877
245,0.9499366,0.40976322
310,0.9425413,1.8076762
841,0.9360632,1.839756
183,0.9247252,1.2488989
62,0.92070127,1.371644
248,0.90003175,1.8334787
933,0.89135677,1.268001
504,0.8873098,1.1195745
22,0.88396525,1.4543669
649,0.88261145,0.505442
664,0.88141114,1.6974277
734,0.8769512,2.262052
884,0.8764287,2.48453
249,0.8750948,1.8176239
839,0.8742355,1.0843658
740,0.8736282,1.9090497
494,0.87029,1.143996
374,0.8689643,0.6231622
861,0.86404717,0.86018217
803,0.86396617,0.69091976
240,0.8616565,2.0297563
541,0.8532596,1.6441138
361,0.85247654,1.4938033
354,0.83923733,1.1249592
347,0.8339876,1.4823914
381,0.83034956,1.4113665
631,0.8302901,0.93343866
440,0.82870924,0.53325605
127,0.8269979,1.4125963
508,0.81848145,1.1629356
751,0.81830525,1.465973
403,0.81535566,1.4407053
983,0.81177616,2.445025
335,0.8040951,1.3054491
101,0.7970835,0.9359027
827,0.7946985,1.25614
458,0.7913331,1.6586883
754,0.78108084,1.0793595
568,0.77670115,0.5821085
738,0.77575064,1.3446217
235,0.7750131,1.1178674
342,0.77474415,1.6418169
729,0.7738451,0.8833601
712,0.77257925,1.0985126
766,0.77036834,0.97616327
100,0.77021235,0.88872874
688,0.76292366,1.075072
257,0.76265967,2.6329737
756,0.7613623,1.1194776
1014,0.76083875,1.1026402
556,0.76033914,1.9289347
1007,0.75563174,1.8072486
975,0.7554027,1.5302004
296,0.7515507,2.1790473
953,0.7413131,1.8723607
930,0.7370744,1.6001735
759,0.73271686,0.732584
607,0.7300414,0.7714009
600,0.726223,1.6359909
435,0.7253921,1.7109425
880,0.7211995,0.6420926
1021,0.72076094,1.1283469
160,0.7178407,1.3976061
923,0.70991474,1.0627239
717,0.70823324,1.3918071
457,0.70584905,0.55969703
491,0.7040595,1.240819
169,0.702974,1.5025665
379,0.69848764,0.77917504
405,0.6967596,0.5706384
713,0.69620246,1.830056
202,0.69535923,1.4090532
252,0.6928993,1.068835
428,0.68922037,1.9808398
398,0.6884462,0.5867779
502,0.6883575,0.71881473
623,0.6878964,1.3932011
47,0.6832292,0.9068691
551,0.6829233,2.2350771
434,0.67961395,1.3778341
474,0.6750697,0.527393
767,0.67293715,0.67961156
862,0.6723661,3.2028227
532,0.6719238,1.7392974
391,0.6704679,0.556219
559,0.6699427,0.9030019
777,0.6696956,0.91808176
554,0.66642535,0.75413156
190,0.6657404,0.64842963
479,0.6643503,0.8335806
437,0.66361487,0.51222646
637,0.66099286,0.6359086
892,0.65996987,0.69309187
757,0.6572623,0.9394609
758,0.6569027,1.1770493
164,0.6553629,1.5362089
273,0.6486908,1.2834
702,0.64865124,0.68913674
466,0.6468904,0.79440683
194,0.64565754,1.0288863
304,0.64345515,0.852185
652,0.6414802,1.1256282
422,0.6408701,0.29806113
87,0.63588274,1.568429
601,0.6342685,1.4860227
222,0.6332764,1.4308686
572,0.6321519,0.335778
724,0.63132584,1.0254153
950,0.62945104,1.0746714
735,0.624412,1.2109755
20,0.62428343,1.108967
1010,0.6238543,0.6170015
791,0.62272346,1.0598655
251,0.62238854,1.1251132
472,0.62056756,0.6998241
694,0.6201498,0.585771
339,0.6196458,1.2938514
307,0.6176374,0.7418971
52,0.6084156,1.2786882
425,0.60810196,0.7867467
314,0.607823,0.23256749
302,0.60731256,0.974336
755,0.6046285,0.83780074
772,0.59846735,1.1186192
881,0.5970243,0.86569625
695,0.59492683,1.1421237
606,0.5893128,0.76929796
1000,0.5888105,0.60135895
24,0.5887798,0.8639055
262,0.58811307,1.2091273
475,0.5841268,0.6618817
9,0.5829054,1.0243843
742,0.5827261,1.0216155
218,0.5824383,0.7431815
114,0.5818298,0.48884392
423,0.57998556,0.6986814
446,0.5776143,1.4057806
26,0.57710063,0.95128727
211,0.5729325,1.203938
947,0.57254064,0.6295333
579,0.5696888,0.18552238
108,0.56887454,1.1764046
263,0.5681912,0.3453821
395,0.56508696,0.5899364
360,0.56501997,0.4807729
925,0.5615035,0.7436013
442,0.56005037,0.79295
301,0.55640537,1.7415396
37,0.5554068,0.8896327
486,0.55517817,0.7095335
448,0.55504346,0.51794934
264,0.55502045,0.8586209
970,0.5533563,1.2497814
794,0.55228215,0.8289752
385,0.5521283,0.79398936
876,0.549019,0.65528846
535,0.5472217,0.4601743
207,0.54644555,0.96466655
280,0.5459852,0.1817038
94,0.5448377,1.1844342
444,0.5441605,0.82124984
471,0.54382986,0.77470124
984,0.54288006,0.49311343
359,0.5423573,0.6016774
362,0.54108745,0.5040716
156,0.54072654,0.48035324
3,0.54050815,0.9545342
628,0.5374637,0.81022894
563,0.53607035,0.4254447
266,0.5310322,1.6054118
929,0.52755976,0.5364778
577,0.5244299,0.685098
484,0.5218333,0.8321606
813,0.5209037,0.729189
722,0.5204244,0.45844728
620,0.5193348,1.0766413
133,0.5189972,0.85702443
368,0.5180596,0.6971345
647,0.5178809,1.5078747
189,0.51692766,0.30544525
851,0.5144819,0.6252972
134,0.5141507,0.87376046
92,0.5133922,0.75001174
96,0.5116055,0.73541814
507,0.50151515,0.58798504
243,0.5009055,1.1896625
228,0.49943653,0.7876657
595,0.49934927,1.4036074
921,0.4981163,0.58043224
203,0.49363172,0.9382722
828,0.49326915,0.6977607
184,0.4932068,2.53266
246,0.49183956,0.427975
811,0.49152157,1.1058146
44,0.4904084,0.37275773
352,0.4899101,0.6915595
178,0.4879313,0.9531154
948,0.48746005,0.869897
768,0.48543283,1.4397682
161,0.483568,1.4081738
431,0.48329586,0.6060227
126,0.48015872,0.8510667
82,0.4773267,0.5715847
176,0.47704482,0.8394114
274,0.4740941,0.4566742
550,0.4721116,0.43464395
653,0.4701927,0.9362788
121,0.468279,0.47777754
878,0.46691602,1.3295952
784,0.46599698,0.7892895
533,0.4634458,0.5408606
327,0.4626903,0.68087316
185,0.46139288,1.1224608
305,0.46005216,1.2041078
655,0.4594487,1.2890508
413,0.45864457,0.6407341
669,0.45571044,0.22741142
364,0.45132545,0.65922964
376,0.45130455,1.2053888
499,0.45126903,0.9281049
666,0.45100284,0.4644719
636,0.45010462,0.64220476
997,0.4480764,0.58864486
329,0.44451612,0.3522545
604,0.44447613,0.3957132
336,0.4408726,0.8589002
276,0.44074017,0.63242376
453,0.4396315,0.44115308
63,0.43916225,0.6634473
174,0.4390179,0.6848328
429,0.43857297,0.4027508
146,0.43686643,0.70638144
119,0.4360594,0.62885
58,0.43472964,0.4269446
725,0.43462414,0.14894757
410,0.43217924,0.3567035
115,0.43205732,0.4333844
526,0.43139648,0.54254866
678,0.4305569,0.76024306
979,0.42936605,0.4428684
171,0.4274536,0.60982174
371,0.42611396,0.44955322
505,0.42512786,0.4036744
320,0.423957,0.46777523
594,0.42285472,0.769308
822,0.42227608,0.66825485
370,0.42224768,0.7802021
534,0.42199862,0.6108365
999,0.42132452,0.5084106
778,0.42118305,0.5976479
905,0.42087048,0.8712961
951,0.42084417,0.56223017
51,0.41833133,0.2702136
333,0.41795498,0.33989406
159,0.4170428,0.38469812
163,0.41606757,0.78464353
104,0.41571563,0.51380014
687,0.41436112,0.56220496
107,0.41186434,0.64422727
931,0.40668255,0.50497323
293,0.40308478,0.61448616
898,0.40259475,0.7296665
846,0.4018955,0.7758258
212,0.40066314,0.43103033
17,0.39904636,0.45572102
926,0.39720157,1.397433
575,0.39681703,0.631322
149,0.39614344,0.41857392
728,0.39160073,0.52133906
715,0.38855475,0.5156073
584,0.38544077,0.62370336
1006,0.384843,0.47966102
232,0.38397202,0.15770006
325,0.38111687,0.5226698
255,0.38102126,0.4088031
675,0.38030344,0.37526685
244,0.3792889,0.5143053
549,0.37922674,0.38879323
187,0.378282,0.5027703
956,0.3771658,0.7034513
711,0.37671724,0.5549632
960,0.37608853,0.520061
869,0.37552205,0.53912747
384,0.37208143,0.39996052
316,0.37196046,0.43549922
182,0.3712497,0.6046101
651,0.3709228,0.26855135
485,0.36807913,0.76503986
781,0.36618882,0.50889504
799,0.3653528,0.69643474
42,0.36493015,0.8554855
118,0.3644487,0.388227
155,0.3627532,0.41543135
988,0.36116505,1.3322606
540,0.36052677,0.56106234
438,0.3580022,0.3505276
528,0.35790378,0.64240867
462,0.35719523,0.39415458
985,0.3563826,0.74336916
157,0.35573524,0.6235188
84,0.35552502,0.38273942
613,0.35414606,0.33180374
291,0.35224557,0.59789264
612,0.35104212,0.40593693
691,0.34944165,0.7066535
480,0.3491833,0.5063009
814,0.3437744,0.57104814
19,0.3410051,0.7156913
144,0.34055287,0.50457597
493,0.34055102,0.5402392
790,0.33593985,0.8109996
363,0.33519667,0.29700553
560,0.33474243,0.22271277
214,0.33471522,0.42093843
348,0.33255646,0.44077083
819,0.33171153,0.5396519
656,0.32516024,0.31552055
356,0.32480377,0.3617957
123,0.32460782,0.5673723
451,0.3220986,1.0595329
552,0.3211699,0.5683895
330,0.31943032,0.54228574
825,0.31887633,1.2545335
13,0.31765547,0.47540364
542,0.31609416,0.6643096
998,0.31585467,0.72945297
66,0.3148631,0.65032446
199,0.31459656,0.45649374
598,0.31425366,0.37953323
832,0.31417197,0.47821102
815,0.31339025,0.49519107
375,0.31269574,0.53208447
838,0.3123956,0.39320573
351,0.31209832,0.4886578
640,0.31193617,0.5006345
197,0.31132746,0.43612868
34,0.31071293,0.25287703
961,0.3106174,0.553669
994,0.30855215,0.27015096
963,0.30721542,0.37670362
987,0.3072139,0.47743487
753,0.30715352,0.18941909
29,0.307105,1.008033
256,0.3070168,0.5853384
704,0.30669934,0.52892065
32,0.30246687,0.24451815
496,0.2994274,0.29251194
1022,0.2987755,0.25601482
630,0.29458427,0.9028244
349,0.29347825,0.14021903
439,0.29236227,0.30899814
219,0.29195428,0.63441706
596,0.29153123,0.3876405
857,0.29131854,0.2177807
74,0.2910796,0.6661161
894,0.29106513,0.37927175
855,0.2910114,0.19286513
564,0.2892201,0.6303289
679,0.288441,0.2717717
67,0.28818917,0.44399604
420,0.28747416,0.8390041
877,0.28723377,0.29676336
871,0.28689986,0.45141536
295,0.28616133,0.3341441
131,0.2852533,0.33218825
308,0.2838723,0.54075813
522,0.28193086,0.32186428
638,0.28138727,0.2925693
323,0.2809545,0.19782868
913,0.28007355,0.24103844
545,0.27897006,0.37742245
650,0.27893698,0.3452633
680,0.2788303,0.58593684
142,0.27697858,0.4685875
135,0.27648848,0.24290074
562,0.27580795,0.20154311
54,0.27484137,0.3534596
681,0.27440912,0.29973838
965,0.27380544,0.58808076
1018,0.27360722,0.15052508
977,0.27253634,0.57805413
298,0.27198496,0.43043295
700,0.2699303,0.17487884
544,0.26972154,0.11570753
117,0.26855534,0.54180616
514,0.26636106,0.14932437
896,0.26604074,0.29187754
831,0.2655213,0.24432483
632,0.26510724,0.3324608
383,0.26432157,0.7442863
53,0.2632534,0.32852525
954,0.26276308,0.51608664
747,0.26268607,0.37381774
120,0.262517,0.18796064
918,0.26234788,0.40418792
868,0.26113674,0.3881668
992,0.2600003,0.23408811
153,0.25876346,0.43346328
205,0.255993,0.32661492
567,0.25598505,0.31428587
515,0.2558769,0.46709484
254,0.25556004,0.35305876
796,0.25499994,0.21879908
390,0.25487533,0.70723224
389,0.25456703,0.40132242
927,0.25338167,0.31929466
139,0.2528756,0.18400946
771,0.25204515,0.26558858
920,0.25108936,0.15944067
850,0.2505731,0.37811646
775,0.25043833,0.46303293
614,0.2502808,0.6526434
64,0.24999478,0.1516232
210,0.24854663,0.3823601
946,0.2475152,0.2896464
627,0.24647447,0.7352383
14,0.24589472,0.59869915
553,0.24534945,0.5975319
172,0.24482748,0.34436348
357,0.24448845,0.34729403
404,0.2437966,0.38185984
128,0.24239333,1.0432521
173,0.24236098,0.32268244
492,0.2415641,0.12771127
736,0.24086848,0.41819057
1023,0.24075994,0.22426644
622,0.23918968,0.5059311
198,0.2374807,0.44414842
721,0.2333715,0.22812885
996,0.23331667,0.29402295
806,0.23298493,0.33900887
230,0.23295718,0.36991185
707,0.22935191,0.25893953
30,0.22909427,0.37930444
915,0.22874069,0.1507533
489,0.22833404,0.2534674
353,0.22807977,0.23585518
290,0.22705781,0.3268478
958,0.22619034,0.50405365
498,0.22595365,0.23879875
60,0.22208649,0.33512977
836,0.22017336,0.27473494
90,0.21959534,0.24129555
242,0.21893945,0.47702903
536,0.21790864,0.34868845
424,0.2176722,0.36925954
883,0.21598628,0.12682061
964,0.21563445,0.3970355
521,0.21413556,0.30566454
685,0.213503,0.43421203
111,0.21317975,0.17941466
39,0.21311727,0.2816103
667,0.21187267,0.38451275
603,0.21040429,0.4376023
105,0.21002236,0.36264664
705,0.20938015,0.36627316
732,0.20821142,0.32307342
1001,0.20789048,0.19990851
282,0.20656604,0.44068205
200,0.20361173,0.2970453
239,0.19898523,0.3010798
586,0.19793798,0.2545634
774,0.19662961,0.21438387
317,0.19645832,0.23984075
369,0.19595653,0.35143888
50,0.19492497,0.17209339
693,0.19378898,0.334682
318,0.19313045,0.22080252
129,0.1912541,0.13664493
343,0.19040559,0.4558699
909,0.18883988,0.15452525
703,0.18815741,0.20373628
769,0.18764101,0.44847226
201,0.18615049,0.2878584
394,0.18594398,0.1717386
587,0.18562543,0.22943476
741,0.18499981,0.34174907
177,0.1834751,0.28487822
845,0.18342924,0.193796
922,0.18268052,0.1797085
661,0.18248573,0.11752154
750,0.18239899,0.4417513
40,0.18238312,0.26476622
843,0.18190938,0.44297576
761,0.18096197,0.28942588
49,0.18082541,0.3045964
993,0.18015343,0.014359502
875,0.17973477,0.27681416
660,0.17973396,0.29144785
609,0.17897794,0.2068873
125,0.17839664,0.31125394
530,0.17779553,0.03966832
720,0.17759639,0.53715384
382,0.17732337,0.42826256
602,0.17448184,0.4616001
731,0.17365636,0.23237446
71,0.17319028,0.8912181
328,0.17064013,0.21448681
986,0.1703994,0.28912133
345,0.16995755,0.21455568
268,0.16830638,0.40224808
949,0.16639026,0.15673955
671,0.16597973,0.2963329
916,0.16555965,0.2465411
859,0.16410458,0.3071127
409,0.16307439,0.24514672
69,0.16283676,0.45453328
292,0.16153018,0.5004077
830,0.16011441,0.15940806
900,0.15886813,0.27541724
15,0.15803207,0.2304744
402,0.15758401,0.2179721
670,0.15654752,0.21562472
795,0.15631783,0.2982847
906,0.15477112,0.16125107
106,0.15448418,0.31024653
885,0.15406588,0.1585333
400,0.15344417,0.23727924
247,0.15307653,0.21829662
441,0.15258746,0.2211937
373,0.15157993,0.24880852
59,0.15122455,0.1730873
8,0.15056658,0.15404882
421,0.15019703,0.16862571
610,0.14964247,0.065787405
659,0.14937745,0.16319573
141,0.14853543,0.2330532
585,0.14757305,0.18114805
510,0.14745937,0.2596851
942,0.14655104,0.18209901
175,0.14525299,0.22017077
250,0.14497417,0.20289324
452,0.1442816,0.24644744
258,0.14415312,0.17257506
599,0.14386642,0.1401256
454,0.1429392,0.13001466
765,0.14210868,0.19841257
180,0.14198443,0.17349872
684,0.14142004,0.20045838
217,0.1410087,0.3125493
1005,0.14015195,0.16601335
476,0.13966534,0.3025874
641,0.1386313,0.07822882
433,0.1384705,0.1847864
259,0.13832739,0.30795568
826,0.13649103,0.111352414
824,0.13645828,0.19002026
576,0.13483325,0.2640799
945,0.13465124,0.15046594
969,0.13378093,0.13287435
957,0.13235424,0.25314647
938,0.13225894,0.09778942
388,0.13219512,0.2848904
192,0.13217682,0.17052086
611,0.13138375,0.21306655
168,0.1305086,0.22701898
745,0.13036047,0.18038128
902,0.12986326,0.12648112
73,0.12986143,0.26320586
456,0.12985171,0.082032755
578,0.12909353,0.100133836
565,0.12888847,0.15722346
597,0.12837443,0.20795621
337,0.12789781,0.10171309
519,0.1269758,0.18684289
445,0.12554714,0.084994726
113,0.12550445,0.25685638
588,0.12505056,0.1267071
730,0.12393976,0.44647127
783,0.12218859,0.11365003
322,0.12179212,0.20071442
683,0.12158918,0.13220584
718,0.12129143,0.15907408
701,0.120819435,0.18114913
817,0.120713174,0.12742172
888,0.11922909,0.1314559
726,0.119117625,0.20251381
188,0.11895753,0.13563138
165,0.11740778,0.22089902
592,0.115656056,0.21107098
873,0.114413194,0.21980277
473,0.11370191,0.18069306
829,0.113627896,0.26940382
548,0.11362135,0.083246216
574,0.113557294,0.16331735
377,0.11319205,0.34165055
463,0.11294096,0.20108125
523,0.112509325,0.26955253
856,0.11205113,0.09844287
917,0.11144296,0.12855639
412,0.11140186,0.1355961
145,0.11071211,0.30302316
939,0.110018164,0.10825752
393,0.10924767,0.17369518
411,0.10844189,0.23665527
547,0.108352974,0.1658092
561,0.107855976,0.08571647
842,0.10747878,0.13519603
7,0.10747071,0.10923232
908,0.10673755,0.14976305
716,0.1063289,0.1392057
138,0.106130965,0.12395998
538,0.10532193,0.11262494
981,0.10417236,0.21306303
341,0.10348277,0.20283052
524,0.10309972,0.16926374
355,0.1029879,0.11054991
399,0.1026878,0.18179773
331,0.10205722,0.15436345
124,0.100796,0.16577622
800,0.10076581,0.12697607
569,0.10022431,0.064654425
28,0.09949541,0.1232872
483,0.098865695,0.21804164
97,0.09801008,0.13216925
645,0.09699318,0.14666966
116,0.096904546,0.08632143
833,0.09607184,0.1463458
874,0.09540276,0.11068658
1002,0.09521231,0.16603658
2,0.09486802,0.18387797
98,0.09478085,0.10965914
260,0.09423464,0.1447855
313,0.09339322,0.1020603
973,0.09326425,0.14834294
224,0.093032725,0.13033527
112,0.09278731,0.094570346
288,0.09145006,0.11475398
365,0.09069972,0.14681414
490,0.09067984,0.13589469
780,0.09036801,0.13385445
663,0.09005577,0.2645182
501,0.08997306,0.06200786
962,0.08961876,0.08708096
38,0.08955931,0.13282917
261,0.088812076,0.09609992
234,0.0885026,0.08308701
380,0.08767661,0.107726544
635,0.086914234,0.16022103
980,0.08650946,0.06457266
191,0.08603758,0.11475445
976,0.08584904,0.13861267
286,0.08579625,0.15973783
782,0.084857255,0.11589451
186,0.08370852,0.08577727
634,0.08293897,0.19298615
955,0.08282756,0.095799655
932,0.082323834,0.05880508
70,0.08159784,0.09294198
591,0.08141052,0.114571095
513,0.08106148,0.1680895
573,0.08059524,0.043715738
910,0.07996465,0.09578487
226,0.07984093,0.063304774
1017,0.07952327,0.03545229
16,0.07937823,0.1360651
459,0.07897425,0.11391698
233,0.07689069,0.14028342
849,0.07667349,0.03862139
281,0.07641888,0.15587026
914,0.076372616,0.051721133
464,0.0753975,0.10966629
689,0.074809626,0.12216718
682,0.07431189,0.067156404
238,0.07418935,0.0737095
122,0.07389319,0.09092927
344,0.07344337,0.10106568
714,0.07271851,0.12558876
35,0.07270743,0.0237398
692,0.07218468,0.071544364
848,0.07181596,0.103841946
648,0.071586296,0.040280968
25,0.07128899,0.07332571
517,0.0702109,0.07104998
835,0.069942504,0.08981927
253,0.069604136,0.10069397
334,0.06957822,0.07615115
270,0.069338754,0.08534238
1012,0.0687983,0.14673014
277,0.06759181,0.11167706
181,0.06662911,0.113494135
267,0.06660505,0.07225358
430,0.065989375,0.12637153
470,0.06582313,0.07622343
416,0.06492275,0.098071374
919,0.06477972,0.101950526
644,0.06468801,0.1047538
804,0.064377114,0.08807786
4,0.06391381,0.09826351
443,0.0625679,0.056228872
408,0.0624977,0.04640416
68,0.06213551,0.06773271
132,0.061163783,0.044814736
426,0.06072953,0.07678503
808,0.060722068,0.07447009
497,0.060713954,0.044497803
723,0.06055489,0.06626021
625,0.06034182,0.08009028
36,0.05952968,0.061419435
773,0.05901768,0.08166143
332,0.058764014,0.07083601
495,0.058626957,0.062532954
237,0.058565244,0.07225203
460,0.058526102,0.051763758
812,0.058463067,0.06963816
642,0.05774855,0.14103265
99,0.05748503,0.053878885
338,0.057238024,0.061297722
396,0.057224665,0.083748534
789,0.05699878,0.064809
154,0.056869604,0.06588799
967,0.056863405,0.09816248
417,0.056082044,0.068910465
699,0.0559735,0.076162346
654,0.055953644,0.105377406
911,0.05573433,0.07640545
216,0.0557089,0.05181818
837,0.055542387,0.17153405
206,0.05481808,0.09155431
698,0.05474747,0.08296263
72,0.05376875,0.05783005
934,0.053606518,0.04521139
75,0.052986383,0.095651925
924,0.05261373,0.040662788
674,0.051984217,0.0848829
419,0.05195893,0.10654569
21,0.0518428,0.07530616
350,0.05181376,0.12264
966,0.05072297,0.036382042
566,0.049795512,0.08789793
643,0.049235083,0.08548799
770,0.049077395,0.038720623
279,0.048883673,0.09263469
889,0.048714112,0.05466197
619,0.0487116,0.07162608
668,0.04833827,0.078674205
959,0.048263915,0.058576867
509,0.04807052,0.07761376
763,0.04806669,0.050325617
531,0.047840524,0.1264275
571,0.047581315,0.06269853
55,0.047202915,0.0685942
432,0.046104427,0.042768274
818,0.04581905,0.044611942
309,0.04575125,0.04577926
854,0.0454665,0.080183774
879,0.045096148,0.05820667
904,0.044341087,0.034967493
278,0.04420425,0.12489118
853,0.04399102,0.041383006
616,0.04325713,0.0503412
415,0.04295268,0.043081857
646,0.042940296,0.06007286
840,0.0429206,0.12750174
12,0.04195597,0.09818901
690,0.041766748,0.050051246
303,0.041732594,0.07110907
78,0.04173171,0.042681135
677,0.0417022,0.04997022
195,0.04123068,0.1236178
300,0.041173838,0.029343372
847,0.0406635,0.07084994
709,0.040625874,0.054495595
366,0.03966487,0.104110815
673,0.039604284,0.042628836
372,0.039370164,0.061048318
315,0.038728446,0.094485976
324,0.036995433,0.06278391
995,0.0364613,0.07230124
589,0.03623846,0.031404223
503,0.035837866,0.04227128
43,0.035632536,0.015741965
801,0.034794718,0.059776165
928,0.03316346,0.032153808
427,0.032885235,0.037212424
31,0.032691494,0.055074036
899,0.032361668,0.028717022
0,0.03175843,0.041873083
27,0.031395577,0.07076849
805,0.03137822,0.025409648
864,0.031344593,0.031907964
558,0.03128399,0.029889844
229,0.031143345,0.030924672
657,0.031065037,0.040954307
748,0.03077441,0.03872685
617,0.030591467,0.030543584
733,0.0304858,0.044181842
529,0.030118939,0.055235106
633,0.030110464,0.009957967
858,0.02937777,0.014297429
935,0.029354027,0.02977091
760,0.029259266,0.043121852
11,0.029152548,0.0049203113
81,0.029091552,0.028065618
891,0.029029496,0.033193007
907,0.02862614,0.029455151
319,0.02861806,0.01599756
477,0.028564455,0.030139579
525,0.028560434,0.080183
972,0.028088233,0.026394878
516,0.027637016,0.029487949
79,0.027586214,0.021167198
823,0.026244938,0.026130099
786,0.026190829,0.022456463
615,0.026172481,0.02945833
746,0.025999941,0.026969243
418,0.025815845,0.024123702
271,0.025711808,0.020967992
605,0.025330417,0.004601842
109,0.025309846,0.022700658
787,0.024652967,0.030229945
151,0.024409764,0.035354726
170,0.024160191,0.014814286
737,0.023973957,0.022704225
130,0.023374226,0.020132482
676,0.022950046,0.04270561
511,0.022773657,0.012626426
887,0.022650955,0.0172122
179,0.021820767,0.025637826
989,0.021806244,0.032494623
358,0.0215296,0.019247709
867,0.021462824,0.03387464
974,0.021057542,0.038025673
311,0.020280924,0.011528656
809,0.020195331,0.052194
103,0.019753445,0.028475013
450,0.019145282,0.046579514
802,0.018828234,0.025249068
45,0.018624816,0.021331439
662,0.018423194,0.012874043
57,0.01789297,0.019249361
10,0.01726225,0.021538334
83,0.017226217,0.010421416
797,0.016946552,0.014789674
807,0.016677324,0.01630558
321,0.016184757,0.02520579
208,0.015775109,0.016418464
764,0.015502961,0.014096718
710,0.015367341,0.03675765
937,0.015355223,0.011310419
414,0.015253411,0.014232395
618,0.014969945,0.011785466
886,0.014582787,0.0145243695
696,0.014478981,0.016850151
863,0.014334276,0.008849341
893,0.013896349,0.026413614
895,0.013894573,0.018902944
41,0.013565463,0.0073846187
537,0.013129447,0.008205241
912,0.012446111,0.013583289
95,0.011973018,0.010360818
590,0.011899976,0.01609896
1015,0.011718124,0.02368739
89,0.011607317,0.018533137
215,0.011198574,0.02107772
788,0.010917206,0.0130115235
386,0.010630689,0.007008231
148,0.010096978,0.0077386927
570,0.009638987,0.01430826
488,0.009568,0.009234797
93,0.009422494,0.010645493
285,0.009120487,0.010335813
392,0.009018252,0.008284597
810,0.008681005,0.012992832
793,0.008603007,0.01049779
76,0.008601401,0.006073516
147,0.008510562,0.017129367
91,0.008072697,0.0039720773
581,0.008009757,0.0047322866
289,0.007947961,0.012562243
166,0.007884349,0.007881731
844,0.007824704,0.0059937714
136,0.0077618686,0.007965057
624,0.007724762,0.009443475
941,0.007710687,0.00215188
482,0.0065361015,0.0056272545
1008,0.006377954,0.005792154
944,0.0063513955,0.0076740105
487,0.005661232,0.0061639966
299,0.005217489,0.0043681953
265,0.00512606,0.0039330614
820,0.005089728,0.0050970027
312,0.0039191847,0.002805703
749,0.0032324805,0.002899867
860,0.0028549768,0.0026274305
1019,0.0027849202,0.0023525904
346,0.0024633072,0.002029076
897,0.0019946818,0.0025919182
340,0.0016751464,0.0013574355
608,0.0014289425,0.0012140275
158,0.0011716211,0.0011359588
447,0.0010435198,0.0007724981
150,0.00085863896,0.0008608683
658,0.0006726477,0.00025374859
580,0.0006249818,0.00032867203
88,0.000493472,0.0005551877
727,0.00020523972,3.751158e-05
223,0.00012039275,1.788983e-05
744,9.975798e-05,2.250218e-05
306,0.0,0.0
