channel,mean,std,score
727,0.0017022562044444445,0.018104011695888888,0.01980626790033333
793,0.002743543081888889,0.023807583464444445,0.026551126546333334
306,0.009472025818594444,0.07649582900933333,0.08596785482792776
223,0.012563677250777778,0.08444844767777779,0.09701212492855557
749,0.017817700504333334,0.09455852503555556,0.1123762255398889
1019,0.01486075765207778,0.09802609353888891,0.1128868511909667
897,0.015445482176444444,0.11129509251555558,0.12674057469200004
820,0.020169304349666666,0.11571985493777781,0.13588915928744447
158,0.016344493096333332,0.12793105995666668,0.144275553053
844,0.030083337744111108,0.11708022149111112,0.14716355923522223
150,0.025500202712177775,0.12447495317222222,0.1499751558844
823,0.025651258725888894,0.12731912483444446,0.15297038356033335
592,0.03558518415055556,0.12893951365111112,0.16452469780166668
447,0.02565170693533333,0.13955431842666666,0.165206025362
509,0.027162374545,0.1385041525477778,0.1656665270927778
674,0.029520840843999998,0.13749152487222221,0.16701236571622222
340,0.022578878913555558,0.14571574369777776,0.16829462261133332
618,0.03564424120033334,0.13839386734999998,0.1740381085503333
41,0.025866314633032662,0.1518907912198111,0.17775710585284377
658,0.034949925777622216,0.14719816769522223,0.18214809347284444
388,0.033223005201111114,0.15164184993333332,0.18486485513444445
315,0.037911574829333335,0.1503767000311111,0.18828827486044442
570,0.02760062307863333,0.16113490955222223,0.18873553263085557
867,0.031412731533333335,0.16107178322444443,0.19248451475777778
244,0.04252700991444444,0.15162247662411113,0.19414948653855557
350,0.04255092306644445,0.15417182111222222,0.19672274417866667
696,0.03518637386877778,0.17021537550444446,0.20540174937322225
797,0.039880792787555554,0.16650836315666667,0.20638915594422222
265,0.040750760030400006,0.16684986329666668,0.2076006233270667
365,0.058358845578444445,0.15639998764444446,0.2147588332228889
372,0.04238086506733333,0.17245258490666665,0.21483344997399997
300,0.039161552621999995,0.17577541729777776,0.21493696991977776
477,0.04194384824822222,0.1759679610277778,0.217911809276
908,0.04074998235255556,0.18196508309555556,0.22271506544811112
688,0.05267554478644444,0.18031328399555555,0.232988828782
11,0.05549950988888889,0.1785599966888889,0.23405950657777777
763,0.04365100764333334,0.1907778268666667,0.23442883451000002
525,0.05421934817633333,0.18740341818111114,0.24162276635744448
89,0.03832672840088889,0.2043648662244445,0.24269159462533338
676,0.04892278870871111,0.19453811862444448,0.2434609073331556
281,0.052781883077222216,0.1971800900977778,0.24996197317500002
602,0.05113309406233332,0.19993647525933333,0.2510695693216667
847,0.04831124761455557,0.20494567140000003,0.2532569190145556
937,0.05174382190888888,0.20309211386666667,0.2548359357755556
589,0.05876455432861112,0.2010222508473333,0.25978680517594444
513,0.05428501348177778,0.20932372051444442,0.2636087339962222
88,0.04728948857788889,0.21679344606222223,0.2640829346401111
389,0.057201378922444444,0.2173313752977778,0.2745327542202222
103,0.05127134420455556,0.2272726042577778,0.2785439484623333
1015,0.05729511189166666,0.22193207581111107,0.2792271877027777
993,0.16603065414444446,0.11611930406666666,0.2821499582111111
215,0.06291408960066666,0.2205816034166667,0.28349569301733335
891,0.06164588898833333,0.22236206783222226,0.2840079568205556
503,0.05479386775111112,0.2307760091222222,0.28556987687333335
91,0.06497878251777779,0.22277367514444443,0.28775245766222224
147,0.05210854908555555,0.2375627283,0.28967127738555554
835,0.06788085251066667,0.22330155470555554,0.29118240721622224
928,0.06317813625011112,0.2354054780633333,0.29858361431344443
166,0.06678683651088889,0.23448910505666667,0.30127594156755555
677,0.07669097382444444,0.2260390543666667,0.3027300281911111
476,0.058785675129777774,0.24458197658888892,0.3033676517186667
191,0.06606158699444445,0.24043237384444444,0.3064939608388889
955,0.08000475785178889,0.22797306869444445,0.30797782654623335
312,0.06137318157633333,0.24681072472777782,0.30818390630411113
966,0.08270733448222221,0.2257733981222222,0.3084807326044444
43,0.0960039321017778,0.2148792729444444,0.3108832050462222
181,0.06181017972833333,0.24951485742666668,0.31132503715500004
309,0.06219460445588888,0.24965970359444442,0.3118543080503333
427,0.07070993741488889,0.2434135529555556,0.3141234903704445
648,0.08853693247777776,0.2324215036222222,0.32095843609999997
810,0.061190814649999994,0.2640444505944445,0.32523526524444446
106,0.059582626337277775,0.26805749558,0.3276401219172778
802,0.07668466436877777,0.25360995157999994,0.33029461594877774
564,0.06718107794888889,0.26349308788888887,0.33067416583777776
416,0.07194261227388889,0.2587565840188889,0.3306991962927778
837,0.07574165760955555,0.2564141947844445,0.33215585239400003
565,0.0765543684858889,0.25737540816222226,0.3339297766481112
165,0.08703154251211112,0.25025896202666664,0.33729050453877774
1008,0.07806751419555555,0.2607585152244445,0.33882602942000006
849,0.092918536393,0.24861907455333332,0.34153761094633334
799,0.07026095698477777,0.2727824537655555,0.3430434107503333
548,0.09639276080888888,0.24997586397777777,0.34636862478666663
168,0.08471564601544444,0.2637074868611112,0.34842313287655563
452,0.06993398386933335,0.28003005347222226,0.3499640373415556
939,0.07296648074511111,0.27738448555555556,0.35035096630066664
76,0.086024478218,0.2712592963111111,0.3572837745291111
226,0.10524495988333336,0.25390123,0.35914618988333336
853,0.0875874181838889,0.27240813713222223,0.35999555531611116
450,0.08135760380133333,0.28357923744444447,0.3649368412457778
319,0.09182292771666667,0.2737748619222223,0.36559778963888895
130,0.09727773003666668,0.2689000061111111,0.36617773614777777
634,0.08527690151444445,0.28093130222222223,0.3662082037366667
299,0.07476536728022223,0.2930163349666666,0.3677817022468889
617,0.08114531154111111,0.28708110224111116,0.36822641378222226
98,0.08874458481300002,0.27968393940833336,0.3684285242213334
482,0.0706872041511111,0.2978280298222222,0.3685152339733333
864,0.08942596643777778,0.27912763603555557,0.36855360247333335
346,0.08734501458283334,0.2825233318988889,0.36986834648172223
105,0.08110231693355556,0.29402404593666664,0.3751263628702222
931,0.09640103598993333,0.2789099839122222,0.37531101990215554
10,0.09728804049333332,0.28015877715555554,0.3774468176488889
673,0.10947134461922223,0.2693928748755556,0.3788642194947778
907,0.09177252906555557,0.2874606952,0.37923322426555556
70,0.09358785819077775,0.28783817203111106,0.3814260302218888
533,0.09793296401755554,0.28398891721999997,0.3819218812375555
247,0.08460989299000002,0.2986156343222222,0.38322552731222226
345,0.09776675319888888,0.28564499213333333,0.3834117453322222
412,0.0977711786688889,0.2856728248611111,0.38344400353
355,0.09753511625666668,0.2873167648777778,0.38485188113444446
145,0.0813483500611111,0.30453075035555555,0.3858791004166666
657,0.06536349574111111,0.32104912778888894,0.38641262353000005
283,0.08609416557977778,0.30265895406444443,0.3887531196442222
415,0.08959425939022223,0.3001670636037778,0.389761322994
208,0.08691282932611112,0.30341120227555557,0.3903240316016667
833,0.11089923615522221,0.2818390388222222,0.3927382749774444
386,0.0930749999977778,0.3004897430444444,0.3935647430422222
321,0.0935763337922222,0.30411212118888886,0.39768845498111105
170,0.11243400271666666,0.28704327564444443,0.3994772783611111
408,0.12476167182888892,0.27602569582222225,0.40078736765111117
788,0.08788077860999999,0.3135021164111111,0.4013828950211111
421,0.10478238227444445,0.29766186868888883,0.40244425096333325
419,0.08540423626666667,0.3173840440888889,0.40278828035555553
511,0.11779055886111113,0.28640476572222223,0.40419532458333335
888,0.11903863917777778,0.2884416199222222,0.4074802591
682,0.10739772128222223,0.3011783247888889,0.40857604607111114
733,0.08890491442953334,0.32151841388511115,0.4104233283146445
28,0.09377747582666666,0.3166855776888889,0.41046305351555556
369,0.09686842686444447,0.31810318649,0.4149716133544445
830,0.11293500188888889,0.3055758501666667,0.4185108520555556
109,0.11636227785666665,0.30300682492222214,0.4193691027788888
807,0.10290057609433334,0.3168342927155556,0.4197348688098889
216,0.11270351167777777,0.30956562711111113,0.4222691387888889
288,0.10601347452444444,0.3165745705555556,0.42258804508000003
366,0.10185624579511111,0.3208074777244444,0.4226637235195555
332,0.09384077975888885,0.3309139585777778,0.42475473833666666
819,0.11875599271488889,0.3079605984066666,0.4267165911215555
267,0.11305309806666669,0.31686175707777775,0.42991485514444444
195,0.10631175463866668,0.3252528343222222,0.4315645889608889
770,0.10496257437777778,0.33039031244444445,0.43535288682222223
179,0.10635959109955558,0.3331496417333334,0.43950923283288895
896,0.13756084897177778,0.30250057787777773,0.4400614268495555
132,0.1330012348,0.3104854647,0.44348669949999997
501,0.11645758393333333,0.32935707099999995,0.4458146549333333
497,0.12942590527666667,0.3193561455111111,0.4487820507877778
45,0.11377791320666665,0.3361975901,0.44997550330666664
938,0.13856227666777776,0.311870090911111,0.45043236757888877
377,0.09528924541277778,0.35662872028888887,0.45191796570166665
188,0.13138910628422223,0.3209138583111112,0.4523029645953334
432,0.10488281312222224,0.3475928993666667,0.45247571248888896
15,0.10508974068222222,0.3475049285444444,0.45259466922666663
569,0.13270033387777777,0.32137129504444445,0.4540716289222222
817,0.11412071982488889,0.34144098689888885,0.4555617067237777
537,0.1111016423,0.3446184671222222,0.4557201094222222
962,0.11659097713444445,0.3395062613333334,0.45609723846777783
737,0.10633378812688889,0.3532472416337778,0.45958102976066667
353,0.14439571815444444,0.31745692238888884,0.4618526405433333
812,0.11572903421222222,0.34631634691444446,0.4620453811266667
959,0.11955798763522221,0.3431081369,0.46266612453522227
78,0.11644615917777779,0.35115424956666674,0.46760040874444453
31,0.0926285156211111,0.3789157432733333,0.4715442588944444
135,0.2116803660477778,0.2606062716733334,0.4722866377211112
976,0.11146721973266668,0.3609359064433333,0.472403126176
303,0.09591260533499998,0.3770895498222222,0.4730021551572222
75,0.11611221648111111,0.35936918459999995,0.47548140108111103
633,0.10487385223333333,0.3724127496222222,0.47728660185555555
392,0.09385821427555556,0.3844537216444445,0.4783119359200001
624,0.13052325776655554,0.3479146689933333,0.47843792675988883
730,0.11980435054582222,0.3595991929511111,0.4794035434969333
622,0.12341363378666667,0.3601131884911111,0.48352682227777777
619,0.14105798467555555,0.3453444566555555,0.4864024413311111
495,0.1411197226888889,0.34688393254444444,0.48800365523333333
344,0.14367084134000002,0.34556437368888887,0.4892352150288889
972,0.12154783900433334,0.36793947721555553,0.4894873162198889
668,0.12305103518888891,0.37067200585111104,0.49372304104
261,0.12447591738738889,0.3693431766766667,0.4938190940640556
642,0.11532829820388889,0.3810239208,0.49635221900388893
944,0.09187018575066667,0.40520547524777784,0.4970756609984445
285,0.12239700406666666,0.37604262450000003,0.4984396285666667
322,0.10626215849111112,0.3932781532555555,0.4995403117466666
282,0.12482521813888887,0.37587582872222214,0.500701046861111
138,0.14059727811777778,0.36112525298888887,0.5017225311066666
800,0.13938219084444448,0.3645226631555555,0.503904854
161,0.1218524511864,0.3824742066672222,0.5043266578536222
662,0.14338445234166666,0.3611049970444444,0.5044894493861111
146,0.11748153055888887,0.3874510290666666,0.5049325596255555
910,0.12227344801377778,0.38335215703333336,0.5056256050471112
524,0.1442168053002222,0.36428718104999996,0.5085039863502222
690,0.12762027919444444,0.3814496614888889,0.5090699406833333
229,0.11621998738000001,0.3943608506555556,0.5105808380355557
414,0.14024125312111113,0.3705911339222222,0.5108323870433333
964,0.1338269217666667,0.3833816632222223,0.517208584988889
113,0.14557118963111113,0.3733501432333333,0.5189213328644444
780,0.13395334847377777,0.3859601822111111,0.5199135306848889
460,0.11836453918888891,0.4015748640111112,0.5199394032000001
27,0.1182912543722222,0.40266896068,0.5209602150522222
311,0.12663823106844443,0.3954296018922222,0.5220678329606666
418,0.1308440591066667,0.3915526264666666,0.5223966855733333
809,0.09557858993063334,0.4273084274494445,0.5228870173800778
769,0.13016192084800002,0.39297056994,0.5231324907880001
71,0.11900515003466669,0.40553103441444444,0.5245361844491111
79,0.14776945757111112,0.38163530352222225,0.5294047610933333
335,0.14286665627955553,0.39153199266555555,0.5343986489451111
133,0.15350653041011111,0.3841973831111112,0.5377039135212223
610,0.17710385947666668,0.36208175963333333,0.53918561911
292,0.13386861368222222,0.4060302159300001,0.5398988296122224
271,0.15213739113333336,0.3923645052777778,0.5445018964111111
124,0.14375749823666664,0.4029729516888889,0.5467304499255555
487,0.14797307267955556,0.3993973604877778,0.5473704331673334
67,0.14352474031222223,0.40530307033333346,0.5488278106455557
445,0.1600020922666667,0.3894348919777778,0.5494369842444445
206,0.1262852685622222,0.4241924716222223,0.5504777401844445
112,0.13685816197999998,0.4155200046111111,0.552378166591111
935,0.13678827589999998,0.41581890479111105,0.552607180691111
861,0.17876133681222225,0.37874383373888887,0.5575051705511112
856,0.16186747022222223,0.39610875994444444,0.5579762301666666
590,0.18316622752888886,0.37527078311444445,0.5584370106433333
885,0.1812969201677778,0.3779201407222222,0.55921706089
863,0.14489959804,0.41678233307777773,0.5616819311177778
95,0.15040942696111112,0.41297011573333325,0.5633795426944443
81,0.16124245288922223,0.40353344247777784,0.5647758953670001
464,0.1308296050052222,0.43405912268222224,0.5648887276874445
789,0.17225121347777775,0.3931187667,0.5653699801777777
68,0.15567727318666666,0.41047477942222227,0.5661520526088889
57,0.16587016388755554,0.40216173618444445,0.568031900072
748,0.1527984655538889,0.4165226476,0.5693211131538889
331,0.18611261506333332,0.38342729464444447,0.5695399097077778
948,0.1658906980758889,0.4048839454222222,0.5707746434981111
148,0.15150806315555557,0.4206417957777778,0.5721498589333334
358,0.19810539519888887,0.37503503508888886,0.5731404302877777
523,0.1665239678888889,0.40726664174444444,0.5737906096333334
587,0.18569606271111114,0.3885894412222222,0.5742855039333333
920,0.2120600398777778,0.3622518027222223,0.5743118426000001
496,0.1920711042555556,0.38561450944444453,0.5776856137000002
886,0.1136865049468889,0.46488094689244447,0.5785674518393333
30,0.14700071595555556,0.4328738315666667,0.5798745475222222
289,0.13809893037311557,0.4423536052823333,0.5804525356554489
73,0.16147306095,0.41946130766666667,0.5809343686166667
608,0.1569263599664444,0.42580525188888885,0.5827316118553333
615,0.14266664225555556,0.44193403415555543,0.584600676411111
860,0.1451152078611111,0.4399939239333333,0.5851091317944443
764,0.14981937380000002,0.43582733044444444,0.5856467042444444
529,0.13388914535951113,0.45178541967711106,0.5856745650366222
744,0.1326248612988889,0.45848309978888885,0.5911079610877777
400,0.13868250837777776,0.45264573671111114,0.5913282450888889
877,0.15828682497777777,0.4339694928888889,0.5922563178666667
904,0.1710405322222222,0.42250706428888885,0.593547596511111
456,0.15861345175555555,0.4353532834666667,0.5939667352222222
26,0.17405726614166667,0.4205343203811111,0.5945915865227778
994,0.1502779795222222,0.44554013575555546,0.5958181152777776
902,0.15781655742222223,0.43934874451111106,0.5971653019333333
646,0.15607927731111113,0.4416287642888889,0.5977080416
154,0.187256303823,0.41899248362111113,0.6062487874441111
726,0.16708185983688886,0.43943811671555555,0.6065199765524444
932,0.17860159504444448,0.4282372146666666,0.606838809711111
36,0.16110942963333333,0.44634169797777773,0.6074511276111111
917,0.17742786421433335,0.4303731559044444,0.6078010201187778
643,0.1728676082307778,0.4350693644222222,0.607936972653
553,0.1871436154002222,0.42212164064444446,0.6092652560446666
558,0.16777030605555557,0.4418102167777778,0.6095805228333334
413,0.19977931212888886,0.4108260195,0.6106053316288889
473,0.1818715278077778,0.43094007177777777,0.6128115995855555
417,0.14491300701666668,0.4690144145666667,0.6139274215833334
224,0.16596389987777777,0.4480534389333333,0.6140173388111111
661,0.22732181263333334,0.39059182488888894,0.6179136375222223
747,0.17558253020666667,0.44303321766666665,0.6186157478733333
704,0.18088512666022222,0.43849583412666665,0.6193809607868889
826,0.21796263848888886,0.4014261292888889,0.6193887677777777
824,0.18793672335555556,0.43266782238888885,0.6206045457444445
324,0.14308508552222224,0.47765368699999994,0.6207387725222222
463,0.17431345289,0.45290619249999997,0.62721964539
458,0.17879111991377777,0.4504926640466666,0.6292837839604444
804,0.16243585386777779,0.46764429453333334,0.6300801484011112
270,0.1749930236277778,0.4557073027222222,0.63070032635
848,0.15348765393544445,0.47761837304999993,0.6311060269854444
375,0.1873665633944445,0.4471613019222222,0.6345278653166667
616,0.16704056806666667,0.4677903604444444,0.6348309285111111
211,0.16770460552000002,0.46778384708888887,0.6354884526088889
205,0.18607290828666667,0.44968731623333336,0.63576022452
580,0.17714489176333334,0.46143927673333335,0.6385841684966667
699,0.17165917726666668,0.4699478426666667,0.6416070199333335
644,0.18139163927555557,0.4626078075977777,0.6439994468733332
4,0.1863246211397778,0.45772719006444446,0.6440518112042223
591,0.16824844512222223,0.47582698861111106,0.6440754337333333
200,0.18803353936666667,0.4588512766,0.6468848159666667
139,0.23660930961111118,0.412640310111111,0.6492496197222222
230,0.18966157699777778,0.46311965083333334,0.6527812278311111
883,0.27272659642222224,0.3801397200555556,0.6528663164777778
383,0.19096198420444443,0.4662115095888889,0.6571734937933333
614,0.2034508132111111,0.45400271871111103,0.6574535319222221
510,0.165194054255,0.4962302677977778,0.6614243220527778
239,0.21052660929111108,0.45132713574444444,0.6618537450355555
698,0.19303747892888887,0.47206401722222224,0.6651014961511111
522,0.18732061277777778,0.47806396393333334,0.6653845767111111
900,0.18535723946666668,0.48555329323333335,0.6709105327
873,0.20582967942555552,0.46824553626666665,0.6740752156922222
538,0.23053946461888894,0.4436080154666666,0.6741474800855556
919,0.16842833602222224,0.5063598343333334,0.6747881703555556
286,0.1931696386508889,0.48721972563888893,0.6803893642897778
625,0.17287090296333332,0.5105924969777778,0.683463399941111
840,0.15136018277055555,0.5358453996300001,0.6872055824005556
915,0.23015189655555557,0.4608350614444444,0.690986958
437,0.23438146286444442,0.4573756225555555,0.6917570854199999
828,0.22176781247111113,0.4702053944888888,0.69197320696
578,0.22192910761111115,0.4711680012222223,0.6930971088333334
854,0.15237118315555556,0.5411212794444444,0.6934924626
343,0.1914367579777778,0.5021813042777777,0.6936180622555556
801,0.18013756808,0.5134850336555555,0.6936226017355556
627,0.19262010842744443,0.5042966773511111,0.6969167857785554
989,0.16689348593688888,0.5312998939611111,0.698193379898
380,0.2063477657222222,0.49517943695555555,0.7015272026777777
641,0.21806325757777778,0.48452694364444443,0.7025902012222223
977,0.20403272941444442,0.5006966937333334,0.7047294231477778
781,0.2048444788444444,0.5000344512666667,0.7048789301111111
879,0.18114939294777777,0.5251774147222222,0.70632680767
1001,0.2552578328111111,0.4515479997777778,0.7068058325888888
295,0.21547239499999996,0.49151843511111115,0.7069908301111111
233,0.17345250458844447,0.5353068580888889,0.7087593626773334
0,0.20301124644444443,0.5063414452222221,0.7093526916666666
238,0.19003421243333335,0.5223543684333333,0.7123885808666666
745,0.2119367889777778,0.5010208442222222,0.7129576331999999
102,0.19770772736999997,0.5179880678444444,0.7156957952144444
459,0.24360686428471112,0.47209826288000006,0.7157051271647112
721,0.23168196874444444,0.48413302444444456,0.715814993188889
99,0.21755912405555555,0.4985418617777777,0.7161009858333333
924,0.23716912941999999,0.47995132157777765,0.7171204509977777
700,0.27971896528888884,0.43982681105555566,0.7195457763444445
887,0.2511251062222222,0.4692219968333333,0.7203471030555555
50,0.2494301044888889,0.4732439437777778,0.7226740482666667
328,0.24759951362333332,0.47654533675555555,0.7241448503788889
957,0.19626883739444448,0.5303701864666667,0.7266390238611111
684,0.18695715180711106,0.5421279640166667,0.7290851158237778
489,0.26786940539333337,0.46239504024444444,0.7302644456377778
116,0.23848788565000006,0.49259275054444446,0.7310806361944445
660,0.22066069997444449,0.5130114364555556,0.7336721364300001
851,0.23913955769999998,0.4984208193888889,0.7375603770888889
973,0.20814341525697996,0.5309550149823778,0.7390984302393578
424,0.21484812959222224,0.5247497887777778,0.73959791837
258,0.25901500482222223,0.4819445771666666,0.7409595819888888
912,0.23222653197666665,0.5113646484444443,0.7435911804211109
337,0.25755487964444446,0.4866797455222222,0.7442346251666667
136,0.22697476575000006,0.5179880994222222,0.7449628651722223
430,0.196050145979,0.5515739453211111,0.7476240913001111
671,0.1914246869777778,0.5609039874444445,0.7523286744222223
818,0.23917233814444444,0.5150521191333334,0.7542244572777779
278,0.19679662325,0.5574738229444445,0.7542704461944445
574,0.21369604948888887,0.5414359320777778,0.7551319815666667
259,0.23739310728888888,0.5183445924555555,0.7557376997444444
55,0.20225140862555557,0.5579592514777777,0.7602106601033333
774,0.22808968308555555,0.5322775826666667,0.7603672657522222
980,0.2503418585444444,0.5105053056666666,0.760847164211111
217,0.2219911662711111,0.5408059006666667,0.7627970669377777
443,0.2564737498333333,0.5078819077777776,0.764355657611111
559,0.22431026384222222,0.5400644714555556,0.7643747352977778
710,0.23026748080999995,0.5341602699333332,0.7644277507433331
531,0.20960489557999998,0.556172427911111,0.7657773234911109
787,0.20549047420800004,0.5620753157533334,0.7675657899613334
709,0.24597318679000005,0.5220736180888889,0.7680468048788889
941,0.2940746823888889,0.4760407328222223,0.7701154152111112
850,0.21660966657555558,0.5567628481111111,0.7733725146866667
470,0.1996411307166667,0.5742636005222223,0.7739047312388889
469,0.19900173010555558,0.5756737615888889,0.7746754916944445
545,0.2530622388388889,0.5219629099666667,0.7750251488055556
426,0.22390483096666666,0.5517539092222223,0.775658740188889
180,0.24102615521666668,0.5356412082777778,0.7766673634944445
894,0.24249221540555557,0.5390759460555555,0.7815681614611111
846,0.23789164281111114,0.543804807711111,0.7816964505222221
679,0.3075670605777778,0.47488580523333335,0.7824528658111112
308,0.19503539334444442,0.5877234125,0.7827588058444445
707,0.24376538055555552,0.5397542567777778,0.7835196373333333
996,0.20272840854444446,0.5811092831777777,0.7838376917222221
399,0.19866197541666666,0.5852286353666667,0.7838906107833333
438,0.31893397582222227,0.46617392155555554,0.7851078973777779
579,0.4456270388888889,0.33988107638888887,0.7855081152777778
173,0.20109149764444442,0.5850031066666668,0.7860946043111112
567,0.22874774077444446,0.5613510851666667,0.7900988259411111
669,0.3219855055555555,0.4685673553333333,0.7905528608888888
499,0.21791642382444448,0.5732045126777778,0.7911209365022223
119,0.2326116610733333,0.5618966724000001,0.7945083334733334
318,0.2710995091844445,0.5242723046666666,0.7953718138511111
47,0.24541233179666672,0.5550062736333333,0.80041860543
176,0.2366383459666667,0.5698873363111111,0.8065256822777778
723,0.2531794705777778,0.5534418698888889,0.8066213404666667
117,0.21633226715555556,0.5905392264,0.8068714935555555
373,0.21136517721111106,0.5999045052111112,0.8112696824222222
122,0.2533604007,0.5581036107777778,0.8114640114777778
786,0.23567158727777773,0.579096469,0.8147680562777777
203,0.23645673445555554,0.5783216723333333,0.8147784067888888
974,0.17595419836666665,0.6400083808666666,0.8159625792333332
402,0.2094873558666667,0.6069334161111111,0.8164207719777777
843,0.19938099834000006,0.6213856131555555,0.8207666114955556
1022,0.2879514234,0.5341912986222221,0.8221427220222222
334,0.24911097261111115,0.5735582943333334,0.8226692669444445
409,0.26359868765666666,0.5621889673555556,0.8257876550122223
933,0.2936933210888889,0.5325373375777777,0.8262306586666666
683,0.3063357161444445,0.5211400501111111,0.8274757662555556
555,0.3015545067666667,0.5276548173222223,0.8292093240888889
753,0.3085414399444445,0.5212246963333333,0.8297661362777778
761,0.25457840397777776,0.5756275722666667,0.8302059762444445
64,0.3450779371111111,0.48540812233333336,0.8304860594444445
232,0.3682836148888889,0.46366475177777783,0.8319483666666667
234,0.24675730332222223,0.5859702734444444,0.8327275767666666
874,0.2257676174855556,0.6120853112222222,0.8378529287077778
724,0.28132166164444444,0.5569474603333334,0.8382691219777778
49,0.25143664408888894,0.5868403528444445,0.8382769969333335
87,0.25358736559711104,0.5875741654777776,0.8411615310748887
396,0.24623919518888893,0.5964234127777778,0.8426626079666667
647,0.22611318528666663,0.6168534302444445,0.8429666155311111
604,0.31049762151111115,0.5352500042222221,0.8457476257333333
607,0.299677684832,0.5473821138033333,0.8470597986353334
349,0.3890201742222223,0.46119218766666664,0.8502123618888889
186,0.29970464603333336,0.5508523766666666,0.8505570227
605,0.3593953250888889,0.4928618353777777,0.8522571604666667
2,0.30684253221111113,0.5455486395555555,0.8523911717666667
706,0.28066549719333334,0.5724380618111111,0.8531035590044445
35,0.3266457302,0.5300127074444444,0.8566584376444444
645,0.29528306282200006,0.5635122370066667,0.8587952998286668
316,0.3075039620111111,0.553498065,0.8610020270111111
534,0.30887017408744444,0.5542644416888889,0.8631346157763333
639,0.37955790904444453,0.4838989087777778,0.8634568178222224
906,0.27480876565555556,0.589549944,0.8643587096555556
429,0.3588412944444444,0.5058430136222222,0.8646843080666666
1005,0.2825555785555556,0.5838414623333333,0.8663970408888889
965,0.27909589631111115,0.5873548989555556,0.8664507952666667
483,0.24788710475266668,0.6193122727333333,0.8671993774860001
680,0.23684254871777774,0.6320621540555555,0.8689047027733333
611,0.2869300470744444,0.587259395488889,0.8741894425633334
175,0.3475413072744444,0.5298761946888889,0.8774175019633332
357,0.3170264911422222,0.5613242659111112,0.8783507570533333
325,0.3366338465055555,0.5423288188555555,0.878962665361111
949,0.31726515137333333,0.5625313719555556,0.8797965233288889
685,0.2972336355666667,0.5831624671111112,0.8803961026777779
714,0.23839951177777777,0.6422816282222222,0.88068114
596,0.3014856009855555,0.5800345020444444,0.88152010303
991,0.2411954531881111,0.640826343751111,0.8820217969392221
640,0.3430869254222222,0.5402666089333333,0.8833535343555555
7,0.24893153651111113,0.635721757,0.8846532935111111
560,0.32462236855555554,0.5630649651111111,0.8876873336666666
277,0.27916005424444446,0.6088416162222223,0.8880016704666668
422,0.41286604672222216,0.4752490940444445,0.8881151407666666
40,0.2679900905277777,0.6226990905555555,0.8906891810833333
184,0.23922935969999998,0.6515030546555555,0.8907324143555555
254,0.2746325353511111,0.6172924941555555,0.8919250295066666
141,0.2799860237071111,0.6121448374966667,0.8921308612037778
393,0.25879000695555554,0.6352100744444444,0.8940000814
942,0.28404331864444443,0.6118148266666666,0.8958581453111111
814,0.3244981884662222,0.5756273521866667,0.900125540652889
467,0.3609081129902222,0.5402480142733334,0.9011561272635555
530,0.41250920477777775,0.48925390022222215,0.9017631049999999
252,0.33363620042,0.5714082779444444,0.9050444783644443
398,0.3734719940844445,0.5320307217,0.9055027157844444
521,0.3043042190888889,0.6015678966666668,0.9058721157555556
29,0.2570551064233333,0.6511714161111111,0.9082265225344444
831,0.3453114098462223,0.563995655378111,0.9093070652243334
734,0.2906618754,0.6212483994777779,0.9119102748777779
514,0.3464199502888889,0.5662483333333334,0.9126682836222222
121,0.3355149166777778,0.5804372091111112,0.915952125788889
992,0.3191315773333333,0.5992567785555555,0.9183883558888888
25,0.31624565315111114,0.6029684143222223,0.9192140674733333
783,0.3159246114777778,0.6083125858888888,0.9242371973666665
654,0.2855446014777777,0.6389256338777778,0.9244702353555555
600,0.2761968161188889,0.6483431251111111,0.92453994123
201,0.28313022813333333,0.6417812946666667,0.9249115228
1017,0.37047493106666657,0.5544991218,0.9249740528666666
104,0.35290021892222223,0.5724044323333334,0.9253046512555556
492,0.49445764877777776,0.4340402054444444,0.9284978542222222
547,0.2653115365188889,0.6648607422555556,0.9301722787744444
317,0.3506391524777778,0.5807613125555556,0.9314004650333334
731,0.29950903854444444,0.6326051207777778,0.9321141593222222
129,0.3763846141666667,0.5572154185555556,0.9336000327222223
411,0.3244090494888889,0.6125401218777777,0.9369491713666667
544,0.45473239251111114,0.4843037436666667,0.9390361361777778
394,0.3750183751666667,0.5653352433333334,0.9403536185000001
742,0.28264491923777774,0.6610683973333333,0.9437133165711111
93,0.3321734684951,0.6129045737162222,0.9450780422113222
51,0.3791828843888888,0.5692159019999999,0.9483987863888887
703,0.3056093318777778,0.6439207123333334,0.9495300442111112
689,0.2845913998,0.6663093211111111,0.9509007209111111
441,0.30637073705555556,0.6446864250000001,0.9510571620555557
892,0.35634991143333333,0.5956553843888889,0.9520052958222223
916,0.28777584058222216,0.6651978598444445,0.9529737004266666
598,0.3264472752333333,0.6302727867333333,0.9567200619666666
472,0.32868298041111116,0.6288258058888888,0.9575087863
836,0.3692087797666668,0.5904432485555556,0.9596520283222224
177,0.34042044148222217,0.6225879809222221,0.9630084224044443
410,0.40487617986666663,0.5591047863333334,0.9639809662000001
599,0.3207195738444444,0.6434574735555555,0.9641770473999999
255,0.36714973606,0.5979097956999999,0.9650595317599999
1010,0.36933421866666666,0.5977530228888888,0.9670872415555554
536,0.26562939100777777,0.7017407101444445,0.9673701011522222
72,0.29568259565555555,0.6720019490000001,0.9676845446555556
314,0.5184039765555556,0.45058862566666663,0.9689926022222222
995,0.31149588990444443,0.6584298160666666,0.969925705971111
573,0.3319176356111111,0.6398934755555555,0.9718111111666666
32,0.40674682943333335,0.5653895998888888,0.9721364293222221
390,0.3311966074955556,0.6414617396777778,0.9726583471733333
38,0.2546065853444444,0.7180892468444444,0.9726958321888888
722,0.4213826208877779,0.5522904380444443,0.9736730589322222
913,0.38121410201333333,0.5927083832555556,0.973922485268889
123,0.32952953348888886,0.6462861712777778,0.9758157047666667
471,0.32532889997777775,0.6510466474444444,0.9763755474222222
