,0
support_std_c518,2.7502203088888892
support_std_c241,2.507354544444444
support_std_c953,2.1977280511111115
support_std_c629,2.134699762222222
support_std_c69,2.0734326915555554
support_std_c86,1.9547616827777778
support_std_c406,1.9386674726666664
support_std_c785,1.9003113028888894
support_std_c182,1.8523120564444444
support_std_c196,1.8501848014444444
support_std_c621,1.8359900573333332
support_std_c695,1.7837941544444447
support_std_c672,1.7499593877777777
support_std_c750,1.7057009846666666
support_std_c23,1.698079082666667
support_std_c546,1.6906385544444444
support_std_c333,1.6816053216999995
support_std_c882,1.679655500777778
support_std_c936,1.6502835871111112
support_std_c436,1.6489034256666666
support_std_c225,1.640694826
support_std_c126,1.6376705055555552
support_std_c1007,1.636259248444444
support_std_c975,1.6323053400444445
support_std_c56,1.6240797193333334
support_std_c249,1.6227703232222224
support_std_c143,1.616243553111111
support_std_c1011,1.6123362444444445
support_std_c19,1.6117777137777778
support_std_c772,1.6073421686666665
support_std_c248,1.5953798065555558
support_std_c930,1.5813433041111113
support_std_c302,1.5728739016666664
support_std_c612,1.5598583306666671
support_std_c110,1.5323763266666666
support_std_c242,1.5152102855555556
support_std_c269,1.5101041341111108
support_std_c80,1.4943337937777779
support_std_c407,1.4861373715555553
support_std_c719,1.4832208628888888
support_std_c198,1.4817344206666667
support_std_c556,1.4803176684444443
support_std_c351,1.4747162690555558
support_std_c626,1.4670967519999998
support_std_c982,1.4602758811111112
support_std_c1016,1.4555447154444443
support_std_c185,1.455382294
support_std_c827,1.4460729663333332
support_std_c898,1.4427140634444444
support_std_c903,1.441617133222222
support_std_c586,1.4384499585555555
support_std_c756,1.4356216915555555
support_std_c85,1.4315502329111114
support_std_c870,1.4230590781111112
support_std_c167,1.4076464293333333
support_std_c209,1.4020643314444445
support_std_c743,1.4014547653333336
support_std_c403,1.4012181705555555
support_std_c236,1.3928524144444445
support_std_c512,1.389467707777778
support_std_c65,1.3748826693333334
support_std_c739,1.366118355888889
support_std_c715,1.3608248583333333
support_std_c1002,1.3580185415555555
support_std_c164,1.355010839888889
support_std_c678,1.352394147888889
support_std_c985,1.3409799056666667
support_std_c663,1.3288008637666666
support_std_c1020,1.3266279026666665
support_std_c1009,1.3140999353333334
support_std_c220,1.313395842
support_std_c532,1.3107888765888889
support_std_c738,1.3090594376666667
support_std_c620,1.3073512482222223
support_std_c970,1.3073156555555554
support_std_c491,1.3070063315555556
support_std_c527,1.290871309
support_std_c163,1.281852893
support_std_c297,1.2761544407777776
support_std_c543,1.2759581137777778
support_std_c461,1.2727885989999999
support_std_c1014,1.2704919347777777
support_std_c327,1.2676047192777777
support_std_c667,1.2658880917777777
support_std_c520,1.2654259556666665
support_std_c752,1.258693746111111
support_std_c127,1.2586229114444445
support_std_c506,1.2571300722666667
support_std_c397,1.2554921968888888
support_std_c650,1.2490866842222224
support_std_c841,1.2486566362222222
support_std_c988,1.2414423834888888
support_std_c515,1.2413387713333335
support_std_c740,1.2384099187777777
support_std_c816,1.2356797031111113
support_std_c222,1.2354669437777779
support_std_c301,1.2314984116666667
support_std_c652,1.2306894307777776
support_std_c697,1.228358312
support_std_c435,1.2275300214444445
support_std_c713,1.221309488222222
support_std_c178,1.2143900072222222
support_std_c137,1.2111049963333334
support_std_c304,1.2110034564444445
support_std_c881,1.2098669105555555
support_std_c354,1.206555008511111
support_std_c865,1.201531603222222
support_std_c307,1.1960358093333334
support_std_c784,1.195463996111111
support_std_c213,1.1933087212222224
support_std_c221,1.1930063144444445
support_std_c575,1.1920185473333336
support_std_c298,1.1906087680000002
support_std_c540,1.1903048967444445
support_std_c434,1.1903033625555555
support_std_c519,1.190121923111111
support_std_c811,1.186328756111111
support_std_c149,1.1833556308888888
support_std_c484,1.1830755472222223
support_std_c22,1.1765443124444446
support_std_c108,1.1744427535555555
support_std_c925,1.1737224892222222
support_std_c664,1.1728384115555557
support_std_c197,1.1679361473333334
support_std_c876,1.1671351052222223
support_std_c632,1.1655364778888888
support_std_c485,1.162192472
support_std_c387,1.1604437553333335
support_std_c24,1.1551388978888888
support_std_c821,1.1536806567777778
support_std_c162,1.1471827465555555
support_std_c595,1.1447085951111111
support_std_c172,1.140397003777778
support_std_c971,1.1376476140777778
support_std_c551,1.1373952954777777
support_std_c792,1.1358534734444445
support_std_c425,1.1311473544444444
support_std_c557,1.1310523919999997
support_std_c326,1.1245955345555554
support_std_c444,1.1234990204444444
support_std_c378,1.1229361307777777
support_std_c96,1.117654679888889
support_std_c649,1.113009371111111
support_std_c8,1.112433469666667
support_std_c284,1.1116917846666667
support_std_c262,1.1107842870000002
support_std_c834,1.1096424073333333
support_std_c294,1.1082966435555555
support_std_c1021,1.1070626413333335
support_std_c446,1.1022824773333335
support_std_c227,1.1005419033333335
support_std_c601,1.099497401111111
support_std_c52,1.0990330192222222
support_std_c466,1.0984078484444444
support_std_c455,1.096627140777778
support_std_c880,1.0944316145555555
support_std_c193,1.0878047383333334
support_std_c210,1.0873638723333334
support_std_c630,1.0863624041666666
support_std_c1004,1.0858864592222222
support_std_c385,1.0857150266666669
support_std_c775,1.0827019301111112
support_std_c100,1.0823262406666667
support_std_c423,1.0818982672222224
support_std_c465,1.0811374432222225
support_std_c765,1.081013749888889
support_std_c717,1.0775207786222223
support_std_c940,1.0736628923333333
support_std_c61,1.0718168533333334
support_std_c401,1.0710707293333332
support_std_c264,1.0708668728888888
support_std_c901,1.0703573204444445
support_std_c481,1.0669191557777775
support_std_c152,1.0603123682222224
support_std_c759,1.0597913195555555
support_std_c539,1.0597013984444446
support_std_c160,1.0562664090333331
support_std_c219,1.0536748967777778
support_std_c895,1.050686469111111
support_std_c987,1.0494106627777777
support_std_c613,1.0482824358888887
support_std_c486,1.0463845433333332
support_std_c442,1.0449374057777778
support_std_c603,1.0383762392222222
support_std_c623,1.0365921127777777
support_std_c156,1.0330679995555556
support_std_c243,1.0290408538888889
support_std_c382,1.0286058296666667
support_std_c803,1.0282095445555557
support_std_c929,1.0236677333333333
support_std_c272,1.0228638852222223
support_std_c954,1.0210252254444445
support_std_c950,1.0199482494444447
support_std_c998,1.0175220707777777
support_std_c528,1.015155842777778
support_std_c361,1.011207759888889
support_std_c952,1.0061411671111111
support_std_c813,1.006054448111111
support_std_c144,1.0029360072222222
support_std_c451,1.0003441616666666
support_std_c360,1.0001964936666665
support_std_c202,0.9977476064444444
support_std_c583,0.9974978065555555
support_std_c728,0.9961872714444445
support_std_c829,0.9961732972222223
support_std_c62,0.9958640005555555
support_std_c577,0.9958291974444445
support_std_c279,0.9930720537777776
support_std_c336,0.9903286642222222
support_std_c582,0.9891687947777777
support_std_c712,0.9888065211111112
support_std_c758,0.9848253079066666
support_std_c997,0.9813163007777775
support_std_c754,0.9807680021111113
support_std_c171,0.9795939625555558
support_std_c504,0.976157731
support_std_c808,0.9756721983333332
support_std_c42,0.9723786954444443
support_std_c140,0.9694916016666666
support_std_c428,0.9693302154000001
support_std_c741,0.9692501407777778
support_std_c732,0.967313770888889
support_std_c983,0.9658918519444444
support_std_c757,0.9657954223333334
support_std_c214,0.9606228880000001
support_std_c66,0.9598123743055555
support_std_c478,0.9595125059555556
support_std_c256,0.9586246915555555
support_std_c855,0.9576909754444444
support_std_c235,0.9537523249444446
support_std_c517,0.9532107218888888
support_std_c516,0.9513486576000001
support_std_c766,0.9511153098888889
support_std_c381,0.9510086694888888
support_std_c563,0.949513539111111
support_std_c479,0.9447589752222222
support_std_c46,0.9398305112222224
support_std_c6,0.9391316296666665
support_std_c872,0.9376848731111112
support_std_c60,0.9360958158888888
support_std_c475,0.9309351531111113
support_std_c500,0.9309075092222223
support_std_c169,0.9238614179999999
support_std_c711,0.9236287606222221
support_std_c347,0.9233505713333332
support_std_c1,0.9227497889999998
support_std_c204,0.9214019235555556
support_std_c352,0.919292517888889
support_std_c606,0.9178238778888888
support_std_c157,0.9165456598888888
support_std_c670,0.9160922048888889
support_std_c107,0.9157280695555555
support_std_c273,0.9147802408888887
support_std_c884,0.9144267730000002
support_std_c359,0.9136541662333334
support_std_c665,0.9124872853333333
support_std_c266,0.9122826730666668
support_std_c12,0.9101842955222225
support_std_c778,0.9096544685555555
support_std_c376,0.9088932055111112
support_std_c655,0.9070301369333333
support_std_c790,0.9061583262222224
support_std_c1012,0.9056668713777777
support_std_c420,0.9007420194444445
support_std_c276,0.8991521570000001
support_std_c287,0.8989784354444443
support_std_c275,0.8970968105555555
support_std_c597,0.8897331178888891
support_std_c693,0.8894337567777778
support_std_c449,0.8886693725555556
support_std_c651,0.8860382467777778
support_std_c293,0.8820354278444444
support_std_c453,0.8808645393333333
support_std_c310,0.8772081491111111
support_std_c762,0.876752161
support_std_c1006,0.8757298037777778
support_std_c751,0.8756771022222223
support_std_c1023,0.8742972915555557
support_std_c268,0.8716121531111111
support_std_c363,0.8704004607777779
support_std_c675,0.8701844973333333
support_std_c691,0.8697577546666666
support_std_c3,0.8687512925555557
support_std_c705,0.8685065354444443
support_std_c961,0.868463276
support_std_c431,0.8667742115555555
support_std_c260,0.8660425280666667
support_std_c1003,0.8641308294999999
support_std_c637,0.8634770262222222
support_std_c187,0.8632790067222221
support_std_c593,0.8608885702222221
support_std_c494,0.8605256414444443
support_std_c118,0.8603068253333334
support_std_c374,0.8600019261111111
support_std_c771,0.8598562270000001
support_std_c218,0.8597636284444446
support_std_c561,0.8584169955666667
support_std_c862,0.8556865548555556
support_std_c943,0.8550659291111109
support_std_c905,0.8535708044999999
support_std_c968,0.8518750366666668
support_std_c798,0.8515942081111111
support_std_c488,0.8507422291111111
support_std_c866,0.8495768387777779
support_std_c1013,0.8486819961111113
support_std_c967,0.8474876865555556
support_std_c364,0.8470955886666668
support_std_c878,0.8469217644444444
support_std_c251,0.8447343741111111
support_std_c174,0.8406036499444445
support_std_c468,0.8401806646666666
support_std_c776,0.839958444
support_std_c806,0.8391857171777777
support_std_c979,0.8377614555555555
support_std_c960,0.8361078021111112
support_std_c194,0.8354600225555556
support_std_c656,0.8321781327777777
support_std_c923,0.8284233678444445
support_std_c947,0.824351827
support_std_c14,0.8242206393333333
support_std_c736,0.8242107145555555
support_std_c339,0.8219415492222224
support_std_c794,0.8204428014444444
support_std_c791,0.817117011111111
support_std_c946,0.8167886296666665
support_std_c474,0.8164559787777778
support_std_c192,0.8095676516666667
support_std_c653,0.8075032656999999
support_std_c708,0.805848637277778
support_std_c370,0.8048351904444445
support_std_c457,0.8040587995555556
support_std_c502,0.8036932897333334
support_std_c153,0.8033152646666665
support_std_c694,0.8029271547222223
support_std_c951,0.8022969232222222
support_std_c552,0.8021046172222221
support_std_c212,0.8020402217777777
support_std_c128,0.802028796
support_std_c568,0.8012962661111112
support_std_c53,0.8007956467777778
support_std_c868,0.8000087961111111
support_std_c240,0.7982214437777777
support_std_c805,0.7979872194444443
support_std_c384,0.7949383694888887
support_std_c815,0.7910868737777779
support_std_c34,0.7906812044444445
support_std_c701,0.7896270869999998
support_std_c981,0.7890924288888889
support_std_c39,0.7886124566666668
support_std_c13,0.7874439868888888
support_std_c257,0.7867124518888889
support_std_c320,0.7864479275555557
support_std_c313,0.7862746411111112
support_std_c852,0.7835315893333332
support_std_c978,0.7825337984444444
support_std_c984,0.7803063332222223
support_std_c702,0.7800350973333333
support_std_c348,0.778948058888889
support_std_c918,0.7787191224111111
support_std_c635,0.7750024030444446
support_std_c371,0.7732225215555556
support_std_c151,0.7717518161666667
support_std_c871,0.771399891
support_std_c362,0.7705534051111113
support_std_c554,0.7700624337777776
support_std_c305,0.7683280093333332
support_std_c48,0.7682282104444444
support_std_c777,0.7680595428888888
support_std_c875,0.7658665475555556
support_std_c228,0.7654158854444445
support_std_c914,0.7644440892222223
support_std_c594,0.7631279936666667
support_std_c581,0.7629193479999999
support_std_c687,0.7625221603222223
support_std_c1000,0.7603475729999998
support_std_c572,0.7596839391111112
support_std_c323,0.7589954090000002
support_std_c838,0.7580368972222222
support_std_c9,0.7572913617777778
support_std_c782,0.7570753615
support_std_c986,0.7568289241111112
support_std_c250,0.7556960395555555
support_std_c963,0.7554755805555554
support_std_c63,0.7550403443333334
support_std_c636,0.7547984885555555
support_std_c395,0.7526107463333334
support_std_c767,0.7514828759999999
support_std_c342,0.7497657790111111
support_std_c999,0.7496027649444444
support_std_c760,0.7486265082222222
support_std_c379,0.7479655572222224
support_std_c585,0.7463638093333335
support_std_c142,0.7462026723333334
support_std_c54,0.7450493477777778
support_std_c291,0.7447562991977777
support_std_c367,0.7442343058993335
support_std_c131,0.7440518101111111
support_std_c899,0.7438640304444445
support_std_c549,0.7431492553333333
support_std_c21,0.7420749386222222
support_std_c893,0.7417877891055555
support_std_c911,0.7413907043777779
support_std_c329,0.741337775111111
support_std_c296,0.7400451728888888
support_std_c927,0.7393156869999998
support_std_c832,0.7375798824444445
support_std_c90,0.7374586576666667
support_std_c716,0.7365051251555554
support_std_c134,0.7362823413333334
support_std_c16,0.7361904408333332
support_std_c480,0.7360813420000001
support_std_c246,0.7342922316666667
support_std_c825,0.733303405311111
support_std_c493,0.7326273245555557
support_std_c922,0.7322450429999999
support_std_c909,0.7317424788888889
support_std_c74,0.7307750525555556
support_std_c391,0.7301089712222222
support_std_c921,0.7288028377777778
support_std_c274,0.7284193284222221
support_std_c755,0.7269811505666665
support_std_c97,0.7268627498888888
support_std_c779,0.726345471111111
support_std_c542,0.7259552374888888
support_std_c958,0.7258065055222223
support_std_c433,0.7252080438888888
support_std_c526,0.7240628413333334
support_std_c183,0.7219266489999998
support_std_c508,0.7218916497777778
support_std_c199,0.7195642031111112
support_std_c5,0.7184098338
support_std_c969,0.7180933760555557
support_std_c38,0.7180892468444444
support_std_c101,0.7180399852366667
support_std_c440,0.7170832368888889
support_std_c631,0.7132547144444444
support_std_c773,0.7127764293555554
support_std_c550,0.711811113
support_std_c330,0.7116855674388889
support_std_c729,0.7111895691111111
support_std_c44,0.7107335754444445
support_std_c571,0.7094164848888889
support_std_c681,0.7084754851111111
support_std_c17,0.7077383071111112
support_std_c341,0.7077177792888889
support_std_c237,0.706487105611111
support_std_c718,0.7059075672111111
support_std_c454,0.7055886261111111
support_std_c945,0.7050832956333334
support_std_c84,0.7044686854444444
support_std_c115,0.7043798584666667
support_std_c566,0.7035910502111111
support_std_c638,0.7022734358888889
support_std_c536,0.7017407101444445
support_std_c858,0.7009222778888888
support_std_c822,0.6997837642666667
support_std_c94,0.6963057492444443
support_std_c92,0.696026288
support_std_c926,0.6935720975888888
support_std_c83,0.6933860054166666
support_std_c190,0.6927235002222223
support_std_c125,0.6920832561555557
support_std_c609,0.6899985013333334
support_std_c956,0.6897197861111112
support_std_c448,0.6884326043333334
support_std_c890,0.6873263006555554
support_std_c990,0.6871629712299999
support_std_c659,0.6866824245555555
support_std_c735,0.6865114669333333
support_std_c588,0.6861919313333333
support_std_c845,0.6857604795555555
support_std_c505,0.6853776068888888
support_std_c859,0.6852558918888889
support_std_c490,0.6838288465555555
support_std_c111,0.6834715007777777
support_std_c720,0.6832367700555556
support_std_c368,0.6830418932222223
support_std_c58,0.6822247145555557
support_std_c59,0.6818703259999999
support_std_c290,0.6790368927777777
support_std_c746,0.6780143802222223
support_std_c253,0.6772349944444445
support_std_c18,0.6767875561111111
support_std_c842,0.6766080246666667
support_std_c562,0.6765204198888889
support_std_c120,0.6733324462222222
support_std_c439,0.6732224855000001
support_std_c231,0.6721480811888889
support_std_c72,0.6720019490000001
support_std_c498,0.671568348
support_std_c535,0.6706893752222223
support_std_c576,0.6703858800000001
support_std_c20,0.667093576
support_std_c692,0.6663799704444445
support_std_c689,0.6663093211111111
support_std_c839,0.6660497369555556
support_std_c37,0.6654876214444445
support_std_c916,0.6651978598444445
support_std_c547,0.6648607422555556
support_std_c768,0.6648395792888889
support_std_c666,0.6644591365555554
support_std_c628,0.661407807
support_std_c742,0.6610683973333333
support_std_c541,0.6607289306444445
support_std_c207,0.6599710702222222
support_std_c155,0.6596746272222221
support_std_c995,0.6584298160666666
support_std_c934,0.6582871967777778
support_std_c82,0.6564103882
support_std_c114,0.6529778279999999
support_std_c686,0.6515994763333334
support_std_c184,0.6515030546555555
support_std_c29,0.6511714161111111
support_std_c471,0.6510466474444444
support_std_c795,0.6488644595555555
support_std_c600,0.6483431251111111
support_std_c405,0.647731289
support_std_c123,0.6462861712777778
support_std_c584,0.644789089388889
support_std_c77,0.6447626311111111
support_std_c441,0.6446864250000001
support_std_c703,0.6439207123333334
support_std_c599,0.6434574735555555
support_std_c714,0.6422816282222222
support_std_c201,0.6417812946666667
support_std_c390,0.6414617396777778
support_std_c404,0.6413032327777779
support_std_c991,0.640826343751111
support_std_c974,0.6400083808666666
support_std_c573,0.6398934755555555
support_std_c654,0.6389256338777778
support_std_c889,0.6376754466666668
support_std_c869,0.6366688567333334
support_std_c7,0.635721757
support_std_c393,0.6352100744444444
support_std_c338,0.6326911985555556
support_std_c731,0.6326051207777778
support_std_c462,0.6326036255555556
support_std_c680,0.6320621540555555
support_std_c598,0.6302727867333333
support_std_c472,0.6288258058888888
support_std_c356,0.6277835571777778
support_std_c725,0.6265866403333333
support_std_c1018,0.6248641659999999
support_std_c189,0.6237350712222223
support_std_c40,0.6226990905555555
support_std_c177,0.6225879809222221
support_std_c843,0.6213856131555555
support_std_c734,0.6212483994777779
support_std_c483,0.6193122727333333
support_std_c254,0.6172924941555555
support_std_c647,0.6168534302444445
support_std_c93,0.6129045737162222
support_std_c411,0.6125401218777777
support_std_c141,0.6121448374966667
support_std_c874,0.6120853112222222
support_std_c942,0.6118148266666666
support_std_c277,0.6088416162222223
support_std_c783,0.6083125858888888
support_std_c402,0.6069334161111111
support_std_c263,0.6044230147777778
support_std_c25,0.6029684143222223
support_std_c159,0.6017164280222222
support_std_c521,0.6015678966666668
support_std_c373,0.5999045052111112
support_std_c992,0.5992567785555555
support_std_c255,0.5979097956999999
support_std_c1010,0.5977530228888888
support_std_c396,0.5964234127777778
support_std_c892,0.5956553843888889
support_std_c796,0.5935117560000001
support_std_c913,0.5927083832555556
support_std_c117,0.5905392264
support_std_c836,0.5904432485555556
support_std_c906,0.589549944
support_std_c33,0.589489996
support_std_c308,0.5877234125
support_std_c87,0.5875741654777776
support_std_c965,0.5873548989555556
support_std_c611,0.587259395488889
support_std_c49,0.5868403528444445
support_std_c234,0.5859702734444444
support_std_c399,0.5852286353666667
support_std_c173,0.5850031066666668
support_std_c507,0.5849974759666666
support_std_c1005,0.5838414623333333
support_std_c685,0.5831624671111112
support_std_c996,0.5811092831777777
support_std_c317,0.5807613125555556
support_std_c121,0.5804372091111112
support_std_c596,0.5800345020444444
support_std_c786,0.579096469
support_std_c203,0.5783216723333333
support_std_c469,0.5756737615888889
support_std_c761,0.5756275722666667
support_std_c814,0.5756273521866667
support_std_c470,0.5742636005222223
support_std_c334,0.5735582943333334
support_std_c499,0.5732045126777778
support_std_c706,0.5724380618111111
support_std_c104,0.5724044323333334
support_std_c252,0.5714082779444444
support_std_c176,0.5698873363111111
support_std_c51,0.5692159019999999
support_std_c514,0.5662483333333334
support_std_c32,0.5653895998888888
support_std_c394,0.5653352433333334
support_std_c831,0.563995655378111
support_std_c645,0.5635122370066667
support_std_c560,0.5630649651111111
support_std_c949,0.5625313719555556
support_std_c409,0.5621889673555556
support_std_c787,0.5620753157533334
support_std_c119,0.5618966724000001
support_std_c567,0.5613510851666667
support_std_c357,0.5613242659111112
support_std_c671,0.5609039874444445
support_std_c857,0.5608689094444445
support_std_c410,0.5591047863333334
support_std_c122,0.5581036107777778
support_std_c55,0.5579592514777777
support_std_c278,0.5574738229444445
support_std_c129,0.5572154185555556
support_std_c724,0.5569474603333334
support_std_c850,0.5567628481111111
support_std_c531,0.556172427911111
support_std_c47,0.5550062736333333
support_std_c1017,0.5544991218
support_std_c534,0.5542644416888889
support_std_c316,0.553498065
support_std_c723,0.5534418698888889
support_std_c245,0.5528640204444445
support_std_c722,0.5522904380444443
support_std_c426,0.5517539092222223
support_std_c430,0.5515739453211111
support_std_c186,0.5508523766666666
support_std_c607,0.5473821138033333
support_std_c2,0.5455486395555555
support_std_c846,0.543804807711111
support_std_c325,0.5423288188555555
support_std_c684,0.5421279640166667
support_std_c574,0.5414359320777778
support_std_c854,0.5411212794444444
support_std_c217,0.5408059006666667
support_std_c640,0.5402666089333333
support_std_c467,0.5402480142733334
support_std_c559,0.5400644714555556
support_std_c707,0.5397542567777778
support_std_c894,0.5390759460555555
support_std_c280,0.536418796
support_std_c840,0.5358453996300001
support_std_c180,0.5356412082777778
support_std_c233,0.5353068580888889
support_std_c604,0.5352500042222221
support_std_c1022,0.5341912986222221
support_std_c710,0.5341602699333332
support_std_c933,0.5325373375777777
support_std_c774,0.5322775826666667
support_std_c398,0.5320307217
support_std_c989,0.5312998939611111
support_std_c973,0.5309550149823778
support_std_c957,0.5303701864666667
support_std_c35,0.5300127074444444
support_std_c175,0.5298761946888889
support_std_c555,0.5276548173222223
support_std_c879,0.5251774147222222
support_std_c424,0.5247497887777778
support_std_c318,0.5242723046666666
support_std_c238,0.5223543684333333
support_std_c709,0.5220736180888889
support_std_c545,0.5219629099666667
support_std_c753,0.5212246963333333
support_std_c683,0.5211400501111111
support_std_c259,0.5183445924555555
support_std_c136,0.5179880994222222
support_std_c102,0.5179880678444444
support_std_c818,0.5150521191333334
support_std_c801,0.5134850336555555
support_std_c660,0.5130114364555556
support_std_c912,0.5113646484444443
support_std_c625,0.5105924969777778
support_std_c980,0.5105053056666666
support_std_c443,0.5078819077777776
support_std_c919,0.5063598343333334
support_std_c0,0.5063414452222221
support_std_c429,0.5058430136222222
support_std_c627,0.5042966773511111
support_std_c343,0.5021813042777777
support_std_c745,0.5010208442222222
support_std_c977,0.5006966937333334
support_std_c781,0.5000344512666667
support_std_c99,0.4985418617777777
support_std_c851,0.4984208193888889
support_std_c510,0.4962302677977778
support_std_c380,0.49517943695555555
support_std_c605,0.4928618353777777
support_std_c116,0.49259275054444446
support_std_c295,0.49151843511111115
support_std_c530,0.48925390022222215
support_std_c286,0.48721972563888893
support_std_c337,0.4866797455222222
support_std_c900,0.48555329323333335
support_std_c64,0.48540812233333336
support_std_c641,0.48452694364444443
support_std_c544,0.4843037436666667
support_std_c721,0.48413302444444456
support_std_c639,0.4838989087777778
support_std_c258,0.4819445771666666
support_std_c924,0.47995132157777765
support_std_c522,0.47806396393333334
support_std_c324,0.47765368699999994
support_std_c848,0.47761837304999993
support_std_c328,0.47654533675555555
support_std_c941,0.4760407328222223
support_std_c591,0.47582698861111106
support_std_c422,0.4752490940444445
support_std_c679,0.47488580523333335
support_std_c50,0.4732439437777778
support_std_c459,0.47209826288000006
support_std_c698,0.47206401722222224
support_std_c578,0.4711680012222223
support_std_c828,0.4702053944888888
support_std_c699,0.4699478426666667
support_std_c887,0.4692219968333333
support_std_c417,0.4690144145666667
support_std_c669,0.4685673553333333
support_std_c873,0.46824553626666665
support_std_c616,0.4677903604444444
support_std_c211,0.46778384708888887
support_std_c804,0.46764429453333334
support_std_c383,0.4662115095888889
support_std_c438,0.46617392155555554
support_std_c886,0.46488094689244447
support_std_c232,0.46366475177777783
support_std_c230,0.46311965083333334
support_std_c644,0.4626078075977777
support_std_c489,0.46239504024444444
support_std_c580,0.46143927673333335
support_std_c349,0.46119218766666664
support_std_c915,0.4608350614444444
support_std_c200,0.4588512766
support_std_c744,0.45848309978888885
support_std_c4,0.45772719006444446
support_std_c437,0.4573756225555555
support_std_c270,0.4557073027222222
support_std_c614,0.45400271871111103
support_std_c463,0.45290619249999997
support_std_c400,0.45264573671111114
support_std_c529,0.45178541967711106
support_std_c1001,0.4515479997777778
support_std_c239,0.45132713574444444
support_std_c314,0.45058862566666663
support_std_c458,0.4504926640466666
support_std_c205,0.44968731623333336
support_std_c224,0.4480534389333333
support_std_c375,0.4471613019222222
support_std_c36,0.44634169797777773
support_std_c994,0.44554013575555546
support_std_c538,0.4436080154666666
support_std_c747,0.44303321766666665
support_std_c289,0.4423536052823333
support_std_c615,0.44193403415555543
support_std_c558,0.4418102167777778
support_std_c646,0.4416287642888889
support_std_c860,0.4399939239333333
support_std_c700,0.43982681105555566
support_std_c726,0.43943811671555555
support_std_c902,0.43934874451111106
support_std_c704,0.43849583412666665
support_std_c764,0.43582733044444444
support_std_c456,0.4353532834666667
support_std_c643,0.4350693644222222
support_std_c464,0.43405912268222224
support_std_c492,0.4340402054444444
support_std_c877,0.4339694928888889
support_std_c30,0.4328738315666667
support_std_c824,0.43266782238888885
support_std_c473,0.43094007177777777
support_std_c917,0.4303731559044444
support_std_c932,0.4282372146666666
support_std_c809,0.4273084274494445
support_std_c608,0.42580525188888885
support_std_c206,0.4241924716222223
support_std_c904,0.42250706428888885
support_std_c553,0.42212164064444446
support_std_c148,0.4206417957777778
support_std_c26,0.4205343203811111
support_std_c73,0.41946130766666667
support_std_c154,0.41899248362111113
support_std_c863,0.41678233307777773
support_std_c748,0.4165226476
support_std_c935,0.41581890479111105
support_std_c112,0.4155200046111111
support_std_c95,0.41297011573333325
support_std_c139,0.412640310111111
support_std_c413,0.4108260195
support_std_c68,0.41047477942222227
support_std_c523,0.40726664174444444
support_std_c292,0.4060302159300001
support_std_c71,0.40553103441444444
support_std_c67,0.40530307033333346
support_std_c944,0.40520547524777784
support_std_c948,0.4048839454222222
support_std_c81,0.40353344247777784
support_std_c124,0.4029729516888889
support_std_c27,0.40266896068
support_std_c57,0.40216173618444445
support_std_c460,0.4015748640111112
support_std_c826,0.4014261292888889
support_std_c487,0.3993973604877778
support_std_c856,0.39610875994444444
support_std_c311,0.3954296018922222
support_std_c229,0.3943608506555556
support_std_c322,0.3932781532555555
support_std_c789,0.3931187667
support_std_c769,0.39297056994
support_std_c271,0.3923645052777778
support_std_c418,0.3915526264666666
support_std_c335,0.39153199266555555
support_std_c661,0.39059182488888894
support_std_c445,0.3894348919777778
support_std_c587,0.3885894412222222
support_std_c146,0.3874510290666666
support_std_c780,0.3859601822111111
support_std_c496,0.38561450944444453
support_std_c392,0.3844537216444445
support_std_c133,0.3841973831111112
support_std_c331,0.38342729464444447
support_std_c964,0.3833816632222223
support_std_c910,0.38335215703333336
support_std_c161,0.3824742066672222
support_std_c79,0.38163530352222225
support_std_c690,0.3814496614888889
support_std_c642,0.3810239208
support_std_c883,0.3801397200555556
support_std_c31,0.3789157432733333
support_std_c861,0.37874383373888887
support_std_c885,0.3779201407222222
support_std_c303,0.3770895498222222
support_std_c285,0.37604262450000003
support_std_c282,0.37587582872222214
support_std_c590,0.37527078311444445
support_std_c358,0.37503503508888886
support_std_c113,0.3733501432333333
support_std_c633,0.3724127496222222
support_std_c668,0.37067200585111104
support_std_c414,0.3705911339222222
support_std_c261,0.3693431766766667
support_std_c972,0.36793947721555553
support_std_c800,0.3645226631555555
support_std_c524,0.36428718104999996
support_std_c920,0.3622518027222223
support_std_c610,0.36208175963333333
support_std_c138,0.36112525298888887
support_std_c662,0.3611049970444444
support_std_c976,0.3609359064433333
support_std_c622,0.3601131884911111
support_std_c730,0.3595991929511111
support_std_c75,0.35936918459999995
support_std_c377,0.35662872028888887
support_std_c737,0.3532472416337778
support_std_c78,0.35115424956666674
support_std_c624,0.3479146689933333
support_std_c432,0.3475928993666667
support_std_c15,0.3475049285444444
support_std_c495,0.34688393254444444
support_std_c812,0.34631634691444446
support_std_c344,0.34556437368888887
support_std_c619,0.3453444566555555
support_std_c537,0.3446184671222222
support_std_c959,0.3431081369
support_std_c817,0.34144098689888885
support_std_c579,0.33988107638888887
support_std_c962,0.3395062613333334
support_std_c45,0.3361975901
support_std_c179,0.3331496417333334
support_std_c332,0.3309139585777778
support_std_c770,0.33039031244444445
support_std_c501,0.32935707099999995
support_std_c195,0.3252528343222222
support_std_c733,0.32151841388511115
support_std_c569,0.32137129504444445
support_std_c657,0.32104912778888894
support_std_c188,0.3209138583111112
support_std_c366,0.3208074777244444
support_std_c497,0.3193561455111111
support_std_c369,0.31810318649
support_std_c353,0.31745692238888884
support_std_c419,0.3173840440888889
support_std_c267,0.31686175707777775
support_std_c807,0.3168342927155556
support_std_c28,0.3166855776888889
support_std_c288,0.3165745705555556
support_std_c788,0.3135021164111111
support_std_c938,0.311870090911111
support_std_c132,0.3104854647
support_std_c216,0.30956562711111113
support_std_c819,0.3079605984066666
support_std_c830,0.3055758501666667
support_std_c145,0.30453075035555555
support_std_c321,0.30411212118888886
support_std_c208,0.30341120227555557
support_std_c109,0.30300682492222214
support_std_c283,0.30265895406444443
support_std_c896,0.30250057787777773
support_std_c682,0.3011783247888889
support_std_c386,0.3004897430444444
support_std_c415,0.3001670636037778
support_std_c247,0.2986156343222222
support_std_c482,0.2978280298222222
support_std_c421,0.29766186868888883
support_std_c105,0.29402404593666664
support_std_c299,0.2930163349666666
support_std_c888,0.2884416199222222
support_std_c70,0.28783817203111106
support_std_c907,0.2874606952
support_std_c355,0.2873167648777778
support_std_c617,0.28708110224111116
support_std_c170,0.28704327564444443
support_std_c511,0.28640476572222223
support_std_c412,0.2856728248611111
support_std_c345,0.28564499213333333
support_std_c533,0.28398891721999997
support_std_c450,0.28357923744444447
support_std_c346,0.2825233318988889
support_std_c833,0.2818390388222222
support_std_c634,0.28093130222222223
support_std_c10,0.28015877715555554
support_std_c452,0.28003005347222226
support_std_c98,0.27968393940833336
support_std_c864,0.27912763603555557
support_std_c931,0.2789099839122222
support_std_c939,0.27738448555555556
support_std_c408,0.27602569582222225
support_std_c319,0.2737748619222223
support_std_c799,0.2727824537655555
support_std_c853,0.27240813713222223
support_std_c76,0.2712592963111111
support_std_c673,0.2693928748755556
support_std_c130,0.2689000061111111
support_std_c106,0.26805749558
support_std_c810,0.2640444505944445
support_std_c168,0.2637074868611112
support_std_c564,0.26349308788888887
support_std_c1008,0.2607585152244445
support_std_c135,0.2606062716733334
support_std_c416,0.2587565840188889
support_std_c565,0.25737540816222226
support_std_c837,0.2564141947844445
support_std_c226,0.25390123
support_std_c802,0.25360995157999994
support_std_c165,0.25025896202666664
support_std_c548,0.24997586397777777
support_std_c309,0.24965970359444442
support_std_c181,0.24951485742666668
support_std_c849,0.24861907455333332
support_std_c312,0.24681072472777782
support_std_c476,0.24458197658888892
support_std_c427,0.2434135529555556
support_std_c191,0.24043237384444444
support_std_c147,0.2375627283
support_std_c928,0.2354054780633333
support_std_c166,0.23448910505666667
support_std_c648,0.2324215036222222
support_std_c503,0.2307760091222222
support_std_c955,0.22797306869444445
support_std_c103,0.2272726042577778
support_std_c677,0.2260390543666667
support_std_c966,0.2257733981222222
support_std_c835,0.22330155470555554
support_std_c91,0.22277367514444443
support_std_c891,0.22236206783222226
support_std_c1015,0.22193207581111107
support_std_c215,0.2205816034166667
support_std_c389,0.2173313752977778
support_std_c88,0.21679344606222223
support_std_c43,0.2148792729444444
support_std_c513,0.20932372051444442
support_std_c847,0.20494567140000003
support_std_c89,0.2043648662244445
support_std_c937,0.20309211386666667
support_std_c589,0.2010222508473333
support_std_c602,0.19993647525933333
support_std_c281,0.1971800900977778
support_std_c676,0.19453811862444448
support_std_c763,0.1907778268666667
support_std_c525,0.18740341818111114
support_std_c908,0.18196508309555556
support_std_c688,0.18031328399555555
support_std_c11,0.1785599966888889
support_std_c477,0.1759679610277778
support_std_c300,0.17577541729777776
support_std_c372,0.17245258490666665
support_std_c696,0.17021537550444446
support_std_c265,0.16684986329666668
support_std_c797,0.16650836315666667
support_std_c570,0.16113490955222223
support_std_c867,0.16107178322444443
support_std_c365,0.15639998764444446
support_std_c350,0.15417182111222222
support_std_c41,0.1518907912198111
support_std_c388,0.15164184993333332
support_std_c244,0.15162247662411113
support_std_c315,0.1503767000311111
support_std_c658,0.14719816769522223
support_std_c340,0.14571574369777776
support_std_c447,0.13955431842666666
support_std_c509,0.1385041525477778
support_std_c618,0.13839386734999998
support_std_c674,0.13749152487222221
support_std_c592,0.12893951365111112
support_std_c158,0.12793105995666668
support_std_c823,0.12731912483444446
support_std_c150,0.12447495317222222
support_std_c844,0.11708022149111112
support_std_c993,0.11611930406666666
support_std_c820,0.11571985493777781
support_std_c897,0.11129509251555558
support_std_c1019,0.09802609353888891
support_std_c749,0.09455852503555556
support_std_c223,0.08444844767777779
support_std_c306,0.07649582900933333
support_std_c793,0.023807583464444445
support_std_c727,0.018104011695888888
