,mean,std
support_mean_c1,0.6510885782444445,
support_mean_c100,0.8846363913333332,
support_mean_c1000,0.4601569904588889,
support_mean_c1002,0.9933837931111111,
support_mean_c1003,0.42390276387777776,
support_mean_c1004,0.597996166,
support_mean_c1006,0.5368025140555557,
support_mean_c1007,1.0569856092222223,
support_mean_c1009,1.09314072,
support_mean_c101,0.5930319098077779,
support_mean_c1011,1.2370664855555558,
support_mean_c1012,0.4831751489700001,
support_mean_c1013,0.6510998305333333,
support_mean_c1014,1.1981179138888889,
support_mean_c1016,1.2375525429999998,
support_mean_c1020,1.0608463678888889,
support_mean_c1021,0.8841238784444444,
support_mean_c1023,0.7915249106666665,
support_mean_c107,0.4558325479777778,
support_mean_c108,0.7320156379444442,
support_mean_c110,1.3092501052222223,
support_mean_c115,0.48200715110666664,
support_mean_c118,0.6042230172222223,
support_mean_c12,0.43934145814666664,
support_mean_c120,0.6588012504999999,
support_mean_c126,1.7117006644444444,
support_mean_c127,0.8846521378888889,
support_mean_c13,0.4131976841444444,
support_mean_c131,0.5347282966666667,
support_mean_c134,0.37008550105555554,
support_mean_c137,1.025971096,
support_mean_c14,0.39007579116666663,
support_mean_c140,0.6925357598888889,
support_mean_c142,0.4299035154222222,
support_mean_c143,1.2280108118888888,
support_mean_c144,0.693232423,
support_mean_c149,1.1450835083333335,
support_mean_c151,0.3668436881222222,
support_mean_c152,0.9263538796666666,
support_mean_c153,0.49693767036666664,
support_mean_c156,0.9563612492222222,
support_mean_c157,0.5479920179222222,
support_mean_c160,0.6666232083377778,
support_mean_c162,1.359215928888889,
support_mean_c163,1.1223950539999998,
support_mean_c164,0.8332988039888889,
support_mean_c167,1.0151049447777776,
support_mean_c169,0.4865048659777778,
support_mean_c17,0.4304471461444444,
support_mean_c171,0.7152450756111111,
support_mean_c172,0.7298856898888889,
support_mean_c174,0.5495999159999999,
support_mean_c178,0.7143748936777778,
support_mean_c18,0.7396094486666667,
support_mean_c182,1.6803300265111112,
support_mean_c183,0.4127830773111111,
support_mean_c185,1.0376579573111113,
support_mean_c187,0.45524768724888887,
support_mean_c19,1.1862683517333332,
support_mean_c190,0.6374136947222222,
support_mean_c192,0.5086030115555555,
support_mean_c193,0.8849211318222223,
support_mean_c194,0.4540075498444444,
support_mean_c196,2.0236793586666666,
support_mean_c197,0.7425359025555557,
support_mean_c198,1.3677842892222223,
support_mean_c199,0.38545379268888885,
support_mean_c20,0.3653436511333333,
support_mean_c202,0.5016032350666667,
support_mean_c204,0.5795295022444444,
support_mean_c209,1.4648808306666663,
support_mean_c210,0.6746850338666667,
support_mean_c212,0.5247090466666667,
support_mean_c213,0.8108932558888889,
support_mean_c214,0.8580514680000003,
support_mean_c218,0.5149994990888889,
support_mean_c219,0.5556228049,
support_mean_c22,0.9308051712222222,
support_mean_c220,1.2948449686666665,
support_mean_c221,1.290422271666667,
support_mean_c222,0.6624903226666666,
support_mean_c225,1.3402012475555556,
support_mean_c227,0.8856611557333331,
support_mean_c228,0.5728796514,
support_mean_c23,1.430810499111111,
support_mean_c235,0.6936963003277778,
support_mean_c236,0.9956238436444443,
support_mean_c24,0.7337097157888888,
support_mean_c241,2.9253094111111118,
support_mean_c242,1.1404194418888889,
support_mean_c243,0.57079421543,
support_mean_c246,0.4619307993666667,
support_mean_c248,1.3527069484444445,
support_mean_c249,1.4290059839333331,
support_mean_c251,0.5297448863666667,
support_mean_c256,0.46514146622222213,
support_mean_c257,0.48234302131111106,
support_mean_c260,0.51277447494,
support_mean_c262,0.6316002586555556,
support_mean_c264,0.7741460640000001,
support_mean_c266,0.5542508614977778,
support_mean_c268,0.4181831439888889,
support_mean_c269,1.3029216733333333,
support_mean_c272,0.7537305777777777,
support_mean_c273,0.7010665262055557,
support_mean_c274,0.5583229486777778,
support_mean_c275,0.5174071905966667,
support_mean_c276,0.5398832583333333,
support_mean_c279,0.4971663555366667,
support_mean_c284,0.7507995160555555,
support_mean_c287,0.5876865916222223,
support_mean_c293,0.46052059870444456,
support_mean_c294,0.8031159683777778,
support_mean_c296,0.3629387265444444,
support_mean_c297,1.5276398916666665,
support_mean_c298,0.7230602515555555,
support_mean_c3,0.48792363866666666,
support_mean_c301,0.678257239111111,
support_mean_c302,1.3997494641111112,
support_mean_c304,1.166429902111111,
support_mean_c307,1.0171667893333334,
support_mean_c310,0.60157813595,
support_mean_c313,0.48567560217777767,
support_mean_c320,0.6352577185,
support_mean_c323,0.5641819276666667,
support_mean_c326,0.9364537392222222,
support_mean_c327,1.0293475123288889,
support_mean_c329,0.5394243369999999,
support_mean_c330,0.41665098463066663,
support_mean_c333,1.9387485860222222,
support_mean_c336,0.5817057705055555,
support_mean_c339,0.4126117872,
support_mean_c34,0.6626167405555555,
support_mean_c341,0.42815762323333345,
support_mean_c342,0.3737508467182221,
support_mean_c347,1.0134527349888889,
support_mean_c348,0.4989478658888889,
support_mean_c351,1.1924526712555557,
support_mean_c352,0.49728936185555556,
support_mean_c354,1.0294854829888889,
support_mean_c359,0.5872723636811111,
support_mean_c360,1.0462881243333333,
support_mean_c361,0.7266696218222222,
support_mean_c362,0.6915485427777779,
support_mean_c363,0.6967527091111112,
support_mean_c364,0.6194045690000001,
support_mean_c367,0.40398212349283336,
support_mean_c368,0.4284079355666667,
support_mean_c37,0.44251286113333327,
support_mean_c370,0.4050112245777778,
support_mean_c371,0.6085176843333334,
support_mean_c374,0.8761189682222222,
support_mean_c376,0.5071548086722223,
support_mean_c378,1.00543361,
support_mean_c379,0.5111509816666667,
support_mean_c381,0.6557479953444445,
support_mean_c382,0.6934112367999999,
support_mean_c384,0.40742751772222224,
support_mean_c385,0.7348097931111109,
support_mean_c387,1.1151046057777778,
support_mean_c39,0.4756071684666667,
support_mean_c391,0.7378515751666667,
support_mean_c395,0.5229580089777778,
support_mean_c397,1.2586017122222222,
support_mean_c401,0.6515590897888889,
support_mean_c403,1.2450615476666667,
support_mean_c406,2.2566001043333332,
support_mean_c407,1.3514333306666666,
support_mean_c42,0.5502438426666667,
support_mean_c420,0.41919781911111115,
support_mean_c423,0.7500486181111112,
support_mean_c425,0.8099505724444446,
support_mean_c428,0.5151205131671112,
support_mean_c431,0.46635927521111104,
support_mean_c433,0.3846474095666666,
support_mean_c434,1.0647730752222222,
support_mean_c435,0.7613415174744443,
support_mean_c436,1.2838958928888888,
support_mean_c439,0.4174446051444444,
support_mean_c44,0.7156018143333334,
support_mean_c440,1.0549141694444444,
support_mean_c442,0.839621706611111,
support_mean_c444,0.6728880627777778,
support_mean_c446,0.8759689976111115,
support_mean_c448,0.4131000813777778,
support_mean_c449,1.1867449865555557,
support_mean_c451,0.6063551329888889,
support_mean_c453,0.8150301465555556,
support_mean_c454,0.4020440073666667,
support_mean_c455,0.6526493328,
support_mean_c457,0.9247440885555556,
support_mean_c46,0.5537322057777778,
support_mean_c461,2.320273546666667,
support_mean_c465,1.0628584399999998,
support_mean_c466,0.9876771441111111,
support_mean_c468,0.4546880339555556,
support_mean_c474,0.9961642784444444,
support_mean_c475,0.750846688888889,
support_mean_c478,0.5132801984611111,
support_mean_c479,0.7478300866666667,
support_mean_c48,0.6224956194444444,
support_mean_c481,0.9480122812222223,
support_mean_c484,0.7638878134444445,
support_mean_c485,0.7771181445555557,
support_mean_c486,0.5473470564444445,
support_mean_c488,0.5415782761555556,
support_mean_c491,0.9548671158888891,
support_mean_c494,0.6700129492222223,
support_mean_c498,0.40513027956666664,
support_mean_c500,1.1021234853333333,
support_mean_c502,0.7649828778444443,
support_mean_c504,0.6831791816666667,
support_mean_c505,0.5572582321999999,
support_mean_c506,0.8101622339000002,
support_mean_c508,0.5174568521666667,
support_mean_c512,1.643121168888889,
support_mean_c515,0.8630429580555555,
support_mean_c516,0.5946188856611111,
support_mean_c517,0.4649433880444444,
support_mean_c518,3.763653853333334,
support_mean_c519,0.7407158036666668,
support_mean_c52,0.6807586910000001,
support_mean_c520,1.0075308228333335,
support_mean_c526,0.3729971155222222,
support_mean_c527,0.8838005342222223,
support_mean_c528,0.6365712031555556,
support_mean_c53,0.5431748073555556,
support_mean_c532,0.9199750655266666,
support_mean_c535,0.4677516670111112,
support_mean_c539,0.5789028502222222,
support_mean_c54,0.4836197292222223,
support_mean_c540,0.956983492827778,
support_mean_c543,1.1456628076666666,
support_mean_c546,2.140797568111111,
support_mean_c549,0.4095067293333333,
support_mean_c550,0.5916954007777777,
support_mean_c551,0.47741883576111116,
support_mean_c552,0.5227827809333334,
support_mean_c554,0.4818955299333334,
support_mean_c556,1.295549170888889,
support_mean_c557,1.0758375945555554,
support_mean_c56,1.137040372888889,
support_mean_c561,0.6976697521755556,
support_mean_c562,0.3704137897111111,
support_mean_c563,0.8699791598888889,
support_mean_c568,0.8928427115555555,
support_mean_c572,0.8253781167777777,
support_mean_c575,0.9815704475555557,
support_mean_c577,0.7197793909444445,
support_mean_c58,0.46241786165555554,
support_mean_c581,0.4706133693555555,
support_mean_c582,0.9058444917777778,
support_mean_c583,0.7079066911111112,
support_mean_c585,0.5115794282333332,
support_mean_c586,1.2417304332777777,
support_mean_c588,0.48091888185555565,
support_mean_c59,0.3861499797777779,
support_mean_c593,0.5080868004777777,
support_mean_c595,0.6733504765999999,
support_mean_c597,0.4169674331777778,
support_mean_c6,1.26747181,
support_mean_c60,0.49230502532777776,
support_mean_c601,0.6233131099222221,
support_mean_c603,0.6546828679777777,
support_mean_c606,0.6649989112111112,
support_mean_c609,0.3932098105,
support_mean_c61,0.7066037412666667,
support_mean_c612,1.5920383427777778,
support_mean_c613,0.8562910848333333,
support_mean_c62,0.7825056405555554,
support_mean_c620,0.9012786506666667,
support_mean_c621,1.765566513666667,
support_mean_c623,0.8052143432222222,
support_mean_c626,1.238561544222222,
support_mean_c629,4.936515964444445,
support_mean_c63,0.5223309476111112,
support_mean_c630,0.6017714530483333,
support_mean_c631,0.4553049910222222,
support_mean_c632,0.9467892095555556,
support_mean_c635,0.4360122216444444,
support_mean_c636,0.4590449441666666,
support_mean_c637,0.7003850392666666,
support_mean_c638,0.4703871173333334,
support_mean_c649,1.4752918948888891,
support_mean_c65,1.0941354663333334,
support_mean_c650,1.081298958,
support_mean_c651,0.8704558406666667,
support_mean_c652,0.9213335142222222,
support_mean_c653,0.43216344639777776,
support_mean_c656,0.5378848062222222,
support_mean_c659,0.5055919861111111,
support_mean_c66,0.5416768315773334,
support_mean_c663,0.6174076869555555,
support_mean_c664,0.7336756375244445,
support_mean_c665,0.6297320554444444,
support_mean_c667,0.9324605872222221,
support_mean_c670,0.4538845514444445,
support_mean_c672,1.5931073157777775,
support_mean_c675,0.5288092697777778,
support_mean_c678,1.1868678680888889,
support_mean_c681,0.40636807144444437,
support_mean_c687,0.4996667315222222,
support_mean_c69,1.6069591265555554,
support_mean_c691,0.4516660057777777,
support_mean_c692,0.36255681246666666,
support_mean_c693,0.5515999708111111,
support_mean_c694,0.7452666917777778,
support_mean_c695,1.643953910333333,
support_mean_c697,1.6433799969999998,
support_mean_c701,0.47551929283333344,
support_mean_c702,0.546990357,
support_mean_c705,0.4486626283777777,
support_mean_c708,0.5441671925555556,
support_mean_c711,0.7953745928433333,
support_mean_c712,0.7579404605555555,
support_mean_c713,0.5923455182888889,
support_mean_c715,1.1086940274444443,
support_mean_c716,0.39327155055555557,
support_mean_c717,0.6675845730111111,
support_mean_c719,1.1938088616666667,
support_mean_c728,0.7507633295555555,
support_mean_c729,0.5053461944222223,
support_mean_c732,0.6624063662222223,
support_mean_c735,0.3729218584033333,
support_mean_c736,0.4883705225555555,
support_mean_c738,1.0720803017777778,
support_mean_c739,1.4783414391111112,
support_mean_c74,0.5057523825555555,
support_mean_c740,0.7281340964444444,
support_mean_c741,0.46031541292222217,
support_mean_c743,0.8880394692666665,
support_mean_c750,1.4420893646333335,
support_mean_c751,0.49229041215222225,
support_mean_c752,1.083298457333333,
support_mean_c754,1.0894716037777779,
support_mean_c755,0.3627267168666666,
support_mean_c756,1.5553982823333332,
support_mean_c757,0.8239747693333332,
support_mean_c758,0.5541604615692777,
support_mean_c759,0.8424597535555554,
support_mean_c762,0.5356855016333333,
support_mean_c765,0.7093290145444445,
support_mean_c766,0.7191985211999999,
support_mean_c767,0.5164974933333333,
support_mean_c771,0.8329194946666669,
support_mean_c772,1.2133113684444443,
support_mean_c775,0.7385855167777778,
support_mean_c776,0.6076404570333334,
support_mean_c777,0.4545318013222222,
support_mean_c778,0.5715074555555556,
support_mean_c779,0.8216385166666669,
support_mean_c782,0.3747184352277778,
support_mean_c784,0.9525117446666667,
support_mean_c785,1.9163301147777778,
support_mean_c790,0.4507014974111111,
support_mean_c791,0.5388326024444444,
support_mean_c792,0.9408283293333335,
support_mean_c794,0.6451245661666667,
support_mean_c798,0.6252620155155555,
support_mean_c8,0.9731231113166667,
support_mean_c80,0.9968480081111111,
support_mean_c803,1.291318642888889,
support_mean_c805,0.4862750799666667,
support_mean_c806,0.5502640111,
support_mean_c808,0.728807785888889,
support_mean_c811,0.9275728199444445,
support_mean_c813,0.6317336391111111,
support_mean_c815,0.4303020192222221,
support_mean_c816,0.9811900432777779,
support_mean_c821,1.6636077746666669,
support_mean_c822,0.40545621782222213,
support_mean_c827,1.5061226909999996,
support_mean_c829,0.5637800670777777,
support_mean_c83,0.4374523581311111,
support_mean_c832,0.36690760591111116,
support_mean_c834,0.672636177988889,
support_mean_c838,0.4655406297777777,
support_mean_c839,0.3866335741211111,
support_mean_c84,0.5118564131222223,
support_mean_c841,0.8191894196,
support_mean_c845,0.49015576861111115,
support_mean_c85,1.100385658788889,
support_mean_c852,0.543224513,
support_mean_c855,0.939079207111111,
support_mean_c86,1.7697599457777782,
support_mean_c865,0.7974768594444445,
support_mean_c866,1.6602332053333333,
support_mean_c868,0.47486469532222225,
support_mean_c870,1.2405562974444446,
support_mean_c871,0.42384286718888886,
support_mean_c872,0.4378974566444445,
support_mean_c876,0.7618413858888888,
support_mean_c880,1.007192577888889,
support_mean_c881,0.8579015213333333,
support_mean_c882,1.2409926175111112,
support_mean_c884,0.46934620031111113,
support_mean_c890,0.3946059687088889,
support_mean_c895,0.6601955771333334,
support_mean_c898,1.2322463985999998,
support_mean_c899,0.3619613783444444,
support_mean_c9,0.37267229357777787,
support_mean_c90,0.45113792465555563,
support_mean_c901,0.9928965443333333,
support_mean_c903,1.1311663944444446,
support_mean_c905,0.4190819538666667,
support_mean_c909,0.5198069893444445,
support_mean_c911,0.36555070148511115,
support_mean_c914,0.46017405181111115,
support_mean_c918,0.43709999840711106,
support_mean_c921,0.4357871447948889,
support_mean_c922,0.5435959398111111,
support_mean_c923,0.5883151809333333,
support_mean_c925,0.9259770295555555,
support_mean_c927,0.48240885065555555,
support_mean_c929,0.9938192097777778,
support_mean_c930,1.2141383636666667,
support_mean_c936,1.691609001222222,
support_mean_c940,0.7152672351666667,
support_mean_c943,0.8328314366666667,
support_mean_c946,0.5884825054444445,
support_mean_c947,0.7719770096666667,
support_mean_c950,0.555506199,
support_mean_c951,0.6318615836666667,
support_mean_c952,1.607937719111111,
support_mean_c953,0.9310541435555556,
support_mean_c954,0.5307687766111111,
support_mean_c956,0.38324703545555566,
support_mean_c96,0.7347168851111111,
support_mean_c960,0.5902483916666666,
support_mean_c961,0.4444977961444444,
support_mean_c963,0.43358557826666666,
support_mean_c967,0.3743257623288889,
support_mean_c968,0.6784512587000001,
support_mean_c969,0.6500429301222221,
support_mean_c97,0.4253346296777778,
support_mean_c970,0.8024708965555555,
support_mean_c971,0.7434454003244446,
support_mean_c975,1.3735742996111109,
support_mean_c978,0.5184758822333334,
support_mean_c979,0.7173840335555555,
support_mean_c982,1.749905830777778,
support_mean_c983,0.45335871153777774,
support_mean_c984,0.7550970416666666,
support_mean_c985,0.8382574611111112,
support_mean_c986,0.39217771183333333,
support_mean_c987,0.5319938907777778,
support_mean_c988,0.6730334038000001,
support_mean_c990,0.3961182828231112,
support_mean_c997,0.7506427866555556,
support_mean_c998,0.5921943012222222,
support_mean_c999,0.5044105567477778,
support_std_c1,,0.9227497889999998
support_std_c100,,1.0823262406666667
support_std_c1000,,0.7603475729999998
support_std_c1002,,1.3580185415555555
support_std_c1003,,0.8641308294999999
support_std_c1004,,1.0858864592222222
support_std_c1006,,0.8757298037777778
support_std_c1007,,1.636259248444444
support_std_c1009,,1.3140999353333334
support_std_c101,,0.7180399852366667
support_std_c1011,,1.6123362444444445
support_std_c1012,,0.9056668713777777
support_std_c1013,,0.8486819961111113
support_std_c1014,,1.2704919347777777
support_std_c1016,,1.4555447154444443
support_std_c1020,,1.3266279026666665
support_std_c1021,,1.1070626413333335
support_std_c1023,,0.8742972915555557
support_std_c107,,0.9157280695555555
support_std_c108,,1.1744427535555555
support_std_c110,,1.5323763266666666
support_std_c115,,0.7043798584666667
support_std_c118,,0.8603068253333334
support_std_c12,,0.9101842955222225
support_std_c120,,0.6733324462222222
support_std_c126,,1.6376705055555552
support_std_c127,,1.2586229114444445
support_std_c13,,0.7874439868888888
support_std_c131,,0.7440518101111111
support_std_c134,,0.7362823413333334
support_std_c137,,1.2111049963333334
support_std_c14,,0.8242206393333333
support_std_c140,,0.9694916016666666
support_std_c142,,0.7462026723333334
support_std_c143,,1.616243553111111
support_std_c144,,1.0029360072222222
support_std_c149,,1.1833556308888888
support_std_c151,,0.7717518161666667
support_std_c152,,1.0603123682222224
support_std_c153,,0.8033152646666665
support_std_c156,,1.0330679995555556
support_std_c157,,0.9165456598888888
support_std_c160,,1.0562664090333331
support_std_c162,,1.1471827465555555
support_std_c163,,1.281852893
support_std_c164,,1.355010839888889
support_std_c167,,1.4076464293333333
support_std_c169,,0.9238614179999999
support_std_c17,,0.7077383071111112
support_std_c171,,0.9795939625555558
support_std_c172,,1.140397003777778
support_std_c174,,0.8406036499444445
support_std_c178,,1.2143900072222222
support_std_c18,,0.6767875561111111
support_std_c182,,1.8523120564444444
support_std_c183,,0.7219266489999998
support_std_c185,,1.455382294
support_std_c187,,0.8632790067222221
support_std_c19,,1.6117777137777778
support_std_c190,,0.6927235002222223
support_std_c192,,0.8095676516666667
support_std_c193,,1.0878047383333334
support_std_c194,,0.8354600225555556
support_std_c196,,1.8501848014444444
support_std_c197,,1.1679361473333334
support_std_c198,,1.4817344206666667
support_std_c199,,0.7195642031111112
support_std_c20,,0.667093576
support_std_c202,,0.9977476064444444
support_std_c204,,0.9214019235555556
support_std_c209,,1.4020643314444445
support_std_c210,,1.0873638723333334
support_std_c212,,0.8020402217777777
support_std_c213,,1.1933087212222224
support_std_c214,,0.9606228880000001
support_std_c218,,0.8597636284444446
support_std_c219,,1.0536748967777778
support_std_c22,,1.1765443124444446
support_std_c220,,1.313395842
support_std_c221,,1.1930063144444445
support_std_c222,,1.2354669437777779
support_std_c225,,1.640694826
support_std_c227,,1.1005419033333335
support_std_c228,,0.7654158854444445
support_std_c23,,1.698079082666667
support_std_c235,,0.9537523249444446
support_std_c236,,1.3928524144444445
support_std_c24,,1.1551388978888888
support_std_c241,,2.507354544444444
support_std_c242,,1.5152102855555556
support_std_c243,,1.0290408538888889
support_std_c246,,0.7342922316666667
support_std_c248,,1.5953798065555558
support_std_c249,,1.6227703232222224
support_std_c251,,0.8447343741111111
support_std_c256,,0.9586246915555555
support_std_c257,,0.7867124518888889
support_std_c260,,0.8660425280666667
support_std_c262,,1.1107842870000002
support_std_c264,,1.0708668728888888
support_std_c266,,0.9122826730666668
support_std_c268,,0.8716121531111111
support_std_c269,,1.5101041341111108
support_std_c272,,1.0228638852222223
support_std_c273,,0.9147802408888887
support_std_c274,,0.7284193284222221
support_std_c275,,0.8970968105555555
support_std_c276,,0.8991521570000001
support_std_c279,,0.9930720537777776
support_std_c284,,1.1116917846666667
support_std_c287,,0.8989784354444443
support_std_c293,,0.8820354278444444
support_std_c294,,1.1082966435555555
support_std_c296,,0.7400451728888888
support_std_c297,,1.2761544407777776
support_std_c298,,1.1906087680000002
support_std_c3,,0.8687512925555557
support_std_c301,,1.2314984116666667
support_std_c302,,1.5728739016666664
support_std_c304,,1.2110034564444445
support_std_c307,,1.1960358093333334
support_std_c310,,0.8772081491111111
support_std_c313,,0.7862746411111112
support_std_c320,,0.7864479275555557
support_std_c323,,0.7589954090000002
support_std_c326,,1.1245955345555554
support_std_c327,,1.2676047192777777
support_std_c329,,0.741337775111111
support_std_c330,,0.7116855674388889
support_std_c333,,1.6816053216999995
support_std_c336,,0.9903286642222222
support_std_c339,,0.8219415492222224
support_std_c34,,0.7906812044444445
support_std_c341,,0.7077177792888889
support_std_c342,,0.7497657790111111
support_std_c347,,0.9233505713333332
support_std_c348,,0.778948058888889
support_std_c351,,1.4747162690555558
support_std_c352,,0.919292517888889
support_std_c354,,1.206555008511111
support_std_c359,,0.9136541662333334
support_std_c360,,1.0001964936666665
support_std_c361,,1.011207759888889
support_std_c362,,0.7705534051111113
support_std_c363,,0.8704004607777779
support_std_c364,,0.8470955886666668
support_std_c367,,0.7442343058993335
support_std_c368,,0.6830418932222223
support_std_c37,,0.6654876214444445
support_std_c370,,0.8048351904444445
support_std_c371,,0.7732225215555556
support_std_c374,,0.8600019261111111
support_std_c376,,0.9088932055111112
support_std_c378,,1.1229361307777777
support_std_c379,,0.7479655572222224
support_std_c381,,0.9510086694888888
support_std_c382,,1.0286058296666667
support_std_c384,,0.7949383694888887
support_std_c385,,1.0857150266666669
support_std_c387,,1.1604437553333335
support_std_c39,,0.7886124566666668
support_std_c391,,0.7301089712222222
support_std_c395,,0.7526107463333334
support_std_c397,,1.2554921968888888
support_std_c401,,1.0710707293333332
support_std_c403,,1.4012181705555555
support_std_c406,,1.9386674726666664
support_std_c407,,1.4861373715555553
support_std_c42,,0.9723786954444443
support_std_c420,,0.9007420194444445
support_std_c423,,1.0818982672222224
support_std_c425,,1.1311473544444444
support_std_c428,,0.9693302154000001
support_std_c431,,0.8667742115555555
support_std_c433,,0.7252080438888888
support_std_c434,,1.1903033625555555
support_std_c435,,1.2275300214444445
support_std_c436,,1.6489034256666666
support_std_c439,,0.6732224855000001
support_std_c44,,0.7107335754444445
support_std_c440,,0.7170832368888889
support_std_c442,,1.0449374057777778
support_std_c444,,1.1234990204444444
support_std_c446,,1.1022824773333335
support_std_c448,,0.6884326043333334
support_std_c449,,0.8886693725555556
support_std_c451,,1.0003441616666666
support_std_c453,,0.8808645393333333
support_std_c454,,0.7055886261111111
support_std_c455,,1.096627140777778
support_std_c457,,0.8040587995555556
support_std_c46,,0.9398305112222224
support_std_c461,,1.2727885989999999
support_std_c465,,1.0811374432222225
support_std_c466,,1.0984078484444444
support_std_c468,,0.8401806646666666
support_std_c474,,0.8164559787777778
support_std_c475,,0.9309351531111113
support_std_c478,,0.9595125059555556
support_std_c479,,0.9447589752222222
support_std_c48,,0.7682282104444444
support_std_c481,,1.0669191557777775
support_std_c484,,1.1830755472222223
support_std_c485,,1.162192472
support_std_c486,,1.0463845433333332
support_std_c488,,0.8507422291111111
support_std_c491,,1.3070063315555556
support_std_c494,,0.8605256414444443
support_std_c498,,0.671568348
support_std_c500,,0.9309075092222223
support_std_c502,,0.8036932897333334
support_std_c504,,0.976157731
support_std_c505,,0.6853776068888888
support_std_c506,,1.2571300722666667
support_std_c508,,0.7218916497777778
support_std_c512,,1.389467707777778
support_std_c515,,1.2413387713333335
support_std_c516,,0.9513486576000001
support_std_c517,,0.9532107218888888
support_std_c518,,2.7502203088888892
support_std_c519,,1.190121923111111
support_std_c52,,1.0990330192222222
support_std_c520,,1.2654259556666665
support_std_c526,,0.7240628413333334
support_std_c527,,1.290871309
support_std_c528,,1.015155842777778
support_std_c53,,0.8007956467777778
support_std_c532,,1.3107888765888889
support_std_c535,,0.6706893752222223
support_std_c539,,1.0597013984444446
support_std_c54,,0.7450493477777778
support_std_c540,,1.1903048967444445
support_std_c543,,1.2759581137777778
support_std_c546,,1.6906385544444444
support_std_c549,,0.7431492553333333
support_std_c550,,0.711811113
support_std_c551,,1.1373952954777777
support_std_c552,,0.8021046172222221
support_std_c554,,0.7700624337777776
support_std_c556,,1.4803176684444443
support_std_c557,,1.1310523919999997
support_std_c56,,1.6240797193333334
support_std_c561,,0.8584169955666667
support_std_c562,,0.6765204198888889
support_std_c563,,0.949513539111111
support_std_c568,,0.8012962661111112
support_std_c572,,0.7596839391111112
support_std_c575,,1.1920185473333336
support_std_c577,,0.9958291974444445
support_std_c58,,0.6822247145555557
support_std_c581,,0.7629193479999999
support_std_c582,,0.9891687947777777
support_std_c583,,0.9974978065555555
support_std_c585,,0.7463638093333335
support_std_c586,,1.4384499585555555
support_std_c588,,0.6861919313333333
support_std_c59,,0.6818703259999999
support_std_c593,,0.8608885702222221
support_std_c595,,1.1447085951111111
support_std_c597,,0.8897331178888891
support_std_c6,,0.9391316296666665
support_std_c60,,0.9360958158888888
support_std_c601,,1.099497401111111
support_std_c603,,1.0383762392222222
support_std_c606,,0.9178238778888888
support_std_c609,,0.6899985013333334
support_std_c61,,1.0718168533333334
support_std_c612,,1.5598583306666671
support_std_c613,,1.0482824358888887
support_std_c62,,0.9958640005555555
support_std_c620,,1.3073512482222223
support_std_c621,,1.8359900573333332
support_std_c623,,1.0365921127777777
support_std_c626,,1.4670967519999998
support_std_c629,,2.134699762222222
support_std_c63,,0.7550403443333334
support_std_c630,,1.0863624041666666
support_std_c631,,0.7132547144444444
support_std_c632,,1.1655364778888888
support_std_c635,,0.7750024030444446
support_std_c636,,0.7547984885555555
support_std_c637,,0.8634770262222222
support_std_c638,,0.7022734358888889
support_std_c649,,1.113009371111111
support_std_c65,,1.3748826693333334
support_std_c650,,1.2490866842222224
support_std_c651,,0.8860382467777778
support_std_c652,,1.2306894307777776
support_std_c653,,0.8075032656999999
support_std_c656,,0.8321781327777777
support_std_c659,,0.6866824245555555
support_std_c66,,0.9598123743055555
support_std_c663,,1.3288008637666666
support_std_c664,,1.1728384115555557
support_std_c665,,0.9124872853333333
support_std_c667,,1.2658880917777777
support_std_c670,,0.9160922048888889
support_std_c672,,1.7499593877777777
support_std_c675,,0.8701844973333333
support_std_c678,,1.352394147888889
support_std_c681,,0.7084754851111111
support_std_c687,,0.7625221603222223
support_std_c69,,2.0734326915555554
support_std_c691,,0.8697577546666666
support_std_c692,,0.6663799704444445
support_std_c693,,0.8894337567777778
support_std_c694,,0.8029271547222223
support_std_c695,,1.7837941544444447
support_std_c697,,1.228358312
support_std_c701,,0.7896270869999998
support_std_c702,,0.7800350973333333
support_std_c705,,0.8685065354444443
support_std_c708,,0.805848637277778
support_std_c711,,0.9236287606222221
support_std_c712,,0.9888065211111112
support_std_c713,,1.221309488222222
support_std_c715,,1.3608248583333333
support_std_c716,,0.7365051251555554
support_std_c717,,1.0775207786222223
support_std_c719,,1.4832208628888888
support_std_c728,,0.9961872714444445
support_std_c729,,0.7111895691111111
support_std_c732,,0.967313770888889
support_std_c735,,0.6865114669333333
support_std_c736,,0.8242107145555555
support_std_c738,,1.3090594376666667
support_std_c739,,1.366118355888889
support_std_c74,,0.7307750525555556
support_std_c740,,1.2384099187777777
support_std_c741,,0.9692501407777778
support_std_c743,,1.4014547653333336
support_std_c750,,1.7057009846666666
support_std_c751,,0.8756771022222223
support_std_c752,,1.258693746111111
support_std_c754,,0.9807680021111113
support_std_c755,,0.7269811505666665
support_std_c756,,1.4356216915555555
support_std_c757,,0.9657954223333334
support_std_c758,,0.9848253079066666
support_std_c759,,1.0597913195555555
support_std_c762,,0.876752161
support_std_c765,,1.081013749888889
support_std_c766,,0.9511153098888889
support_std_c767,,0.7514828759999999
support_std_c771,,0.8598562270000001
support_std_c772,,1.6073421686666665
support_std_c775,,1.0827019301111112
support_std_c776,,0.839958444
support_std_c777,,0.7680595428888888
support_std_c778,,0.9096544685555555
support_std_c779,,0.726345471111111
support_std_c782,,0.7570753615
support_std_c784,,1.195463996111111
support_std_c785,,1.9003113028888894
support_std_c790,,0.9061583262222224
support_std_c791,,0.817117011111111
support_std_c792,,1.1358534734444445
support_std_c794,,0.8204428014444444
support_std_c798,,0.8515942081111111
support_std_c8,,1.112433469666667
support_std_c80,,1.4943337937777779
support_std_c803,,1.0282095445555557
support_std_c805,,0.7979872194444443
support_std_c806,,0.8391857171777777
support_std_c808,,0.9756721983333332
support_std_c811,,1.186328756111111
support_std_c813,,1.006054448111111
support_std_c815,,0.7910868737777779
support_std_c816,,1.2356797031111113
support_std_c821,,1.1536806567777778
support_std_c822,,0.6997837642666667
support_std_c827,,1.4460729663333332
support_std_c829,,0.9961732972222223
support_std_c83,,0.6933860054166666
support_std_c832,,0.7375798824444445
support_std_c834,,1.1096424073333333
support_std_c838,,0.7580368972222222
support_std_c839,,0.6660497369555556
support_std_c84,,0.7044686854444444
support_std_c841,,1.2486566362222222
support_std_c845,,0.6857604795555555
support_std_c85,,1.4315502329111114
support_std_c852,,0.7835315893333332
support_std_c855,,0.9576909754444444
support_std_c86,,1.9547616827777778
support_std_c865,,1.201531603222222
support_std_c866,,0.8495768387777779
support_std_c868,,0.8000087961111111
support_std_c870,,1.4230590781111112
support_std_c871,,0.771399891
support_std_c872,,0.9376848731111112
support_std_c876,,1.1671351052222223
support_std_c880,,1.0944316145555555
support_std_c881,,1.2098669105555555
support_std_c882,,1.679655500777778
support_std_c884,,0.9144267730000002
support_std_c890,,0.6873263006555554
support_std_c895,,1.050686469111111
support_std_c898,,1.4427140634444444
support_std_c899,,0.7438640304444445
support_std_c9,,0.7572913617777778
support_std_c90,,0.7374586576666667
support_std_c901,,1.0703573204444445
support_std_c903,,1.441617133222222
support_std_c905,,0.8535708044999999
support_std_c909,,0.7317424788888889
support_std_c911,,0.7413907043777779
support_std_c914,,0.7644440892222223
support_std_c918,,0.7787191224111111
support_std_c921,,0.7288028377777778
support_std_c922,,0.7322450429999999
support_std_c923,,0.8284233678444445
support_std_c925,,1.1737224892222222
support_std_c927,,0.7393156869999998
support_std_c929,,1.0236677333333333
support_std_c930,,1.5813433041111113
support_std_c936,,1.6502835871111112
support_std_c940,,1.0736628923333333
support_std_c943,,0.8550659291111109
support_std_c946,,0.8167886296666665
support_std_c947,,0.824351827
support_std_c950,,1.0199482494444447
support_std_c951,,0.8022969232222222
support_std_c952,,1.0061411671111111
support_std_c953,,2.1977280511111115
support_std_c954,,1.0210252254444445
support_std_c956,,0.6897197861111112
support_std_c96,,1.117654679888889
support_std_c960,,0.8361078021111112
support_std_c961,,0.868463276
support_std_c963,,0.7554755805555554
support_std_c967,,0.8474876865555556
support_std_c968,,0.8518750366666668
support_std_c969,,0.7180933760555557
support_std_c97,,0.7268627498888888
support_std_c970,,1.3073156555555554
support_std_c971,,1.1376476140777778
support_std_c975,,1.6323053400444445
support_std_c978,,0.7825337984444444
support_std_c979,,0.8377614555555555
support_std_c982,,1.4602758811111112
support_std_c983,,0.9658918519444444
support_std_c984,,0.7803063332222223
support_std_c985,,1.3409799056666667
support_std_c986,,0.7568289241111112
support_std_c987,,1.0494106627777777
support_std_c988,,1.2414423834888888
support_std_c990,,0.6871629712299999
support_std_c997,,0.9813163007777775
support_std_c998,,1.0175220707777777
support_std_c999,,0.7496027649444444
